city,city_ascii,state_id,state_name,county_fips,county_name,lat,lng,population,density,source,military,incorporated,timezone,ranking,zips,id
Abanda,Abanda,AL,Alabama,1017,Chambers,33.0926,-85.5253,218,28,polygon,FALSE,FALSE,America/Chicago,3,36276,1840023012
Abbeville,Abbeville,AL,Alabama,1067,Henry,31.5664,-85.2528,2560,63,polygon,FALSE,TRUE,America/Chicago,3,36310,1840000552
Adamsville,Adamsville,AL,Alabama,1073,Jefferson,33.6063,-86.9745,4281,65,polygon,FALSE,TRUE,America/Chicago,3,35214 35005 35060 35073,1840013724
Addison,Addison,AL,Alabama,1133,Winston,34.2017,-87.1765,718,73,polygon,FALSE,TRUE,America/Chicago,3,35540,1840015589
Akron,Akron,AL,Alabama,1065,Hale,32.8785,-87.7429,328,184,polygon,FALSE,TRUE,America/Chicago,3,35441,1840015775
Alabaster,Alabaster,AL,Alabama,1117,Shelby,33.2198,-86.8225,33487,512,polygon,FALSE,TRUE,America/Chicago,3,35114 35007 35144,1840013756
Albertville,Albertville,AL,Alabama,1095,Marshall,34.2634,-86.2107,37775,313,polygon,FALSE,TRUE,America/Chicago,3,35951 35950,1840013599
Alexander City,Alexander City,AL,Alabama,1123,Tallapoosa,32.9242,-85.9361,9046,131,polygon,FALSE,TRUE,America/Chicago,3,35010 35011,1840013788
Alexandria,Alexandria,AL,Alabama,1015,Calhoun,33.7675,-85.8792,4000,138,polygon,FALSE,FALSE,America/Chicago,3,36265 36250,1840013707
Aliceville,Aliceville,AL,Alabama,1107,Pickens,33.1237,-88.1594,2254,190,polygon,FALSE,TRUE,America/Chicago,3,35442,1840013758
Allgood,Allgood,AL,Alabama,1009,Blount,33.9064,-86.5178,650,241,polygon,FALSE,TRUE,America/Chicago,3,35013 35121,1840015599
Altoona,Altoona,AL,Alabama,1055,Etowah,34.031,-86.3181,913,81,polygon,FALSE,TRUE,America/Chicago,3,35952,1840000720
Andalusia,Andalusia,AL,Alabama,1039,Covington,31.3101,-86.4781,6407,170,polygon,FALSE,TRUE,America/Chicago,3,36420 36421,1840004591
Anderson,Anderson,AL,Alabama,1077,Lauderdale,34.9147,-87.2716,267,79,polygon,FALSE,TRUE,America/Chicago,3,35610,1840015513
Anniston,Anniston,AL,Alabama,1015,Calhoun,33.6712,-85.8136,73501,179,polygon,FALSE,TRUE,America/Chicago,3,36201 36206 36207 36205 36204,1840006563
Arab,Arab,AL,Alabama,1095,Marshall,34.3309,-86.4991,8342,242,polygon,FALSE,TRUE,America/Chicago,3,35016,1840013600
Ardmore,Ardmore,AL,Alabama,1083,Limestone,34.9847,-86.8373,1463,276,polygon,FALSE,TRUE,America/Chicago,3,35739,1840015515
Argo,Argo,AL,Alabama,1073,Jefferson,33.6961,-86.5066,4348,156,polygon,FALSE,TRUE,America/Chicago,3,35173 35120,1840015668
Ariton,Ariton,AL,Alabama,1045,Dale,31.5978,-85.7131,739,56,polygon,FALSE,TRUE,America/Chicago,3,36311,1840004920
Arley,Arley,AL,Alabama,1133,Winston,34.0886,-87.2074,345,35,polygon,FALSE,TRUE,America/Chicago,3,35541,1840006641
Ashford,Ashford,AL,Alabama,1069,Houston,31.1858,-85.2359,2181,135,polygon,FALSE,TRUE,America/Chicago,3,36312,1840000737
Ashland,Ashland,AL,Alabama,1027,Clay,33.2704,-85.8337,1895,99,polygon,FALSE,TRUE,America/Chicago,3,36251,1840006738
Ashville,Ashville,AL,Alabama,1115,St. Clair,33.8331,-86.2698,2365,47,polygon,FALSE,TRUE,America/Chicago,3,35953 35987,1840013697
Athens,Athens,AL,Alabama,1083,Limestone,34.7847,-86.951,31187,265,polygon,FALSE,TRUE,America/Chicago,3,35611 35613 35612,1840000935
Atmore,Atmore,AL,Alabama,1053,Escambia,31.0927,-87.4763,5864,160,polygon,FALSE,TRUE,America/Chicago,3,36502 36503 36504,1840013888
Attalla,Attalla,AL,Alabama,1055,Etowah,34.0049,-86.104,5771,319,polygon,FALSE,TRUE,America/Chicago,3,35954,1840013655
Auburn,Auburn,AL,Alabama,1081,Lee,32.6087,-85.4899,92777,425,polygon,FALSE,TRUE,America/Chicago,3,36849 36832 36830 36831,1840013810
Autaugaville,Autaugaville,AL,Alabama,1001,Autauga,32.432,-86.6579,871,42,polygon,FALSE,TRUE,America/Chicago,3,36003,1840015797
Avon,Avon,AL,Alabama,1069,Houston,31.1799,-85.2802,510,76,polygon,FALSE,TRUE,America/Chicago,3,36312,1840015881
Axis,Axis,AL,Alabama,1097,Mobile,30.9296,-88.0179,1473,145,polygon,FALSE,FALSE,America/Chicago,3,36505,1840025979
Babbie,Babbie,AL,Alabama,1039,Covington,31.3022,-86.3229,596,20,polygon,FALSE,TRUE,America/Chicago,3,36467 36421,1840015865
Baileyton,Baileyton,AL,Alabama,1043,Cullman,34.2609,-86.6082,619,45,polygon,FALSE,TRUE,America/Chicago,3,35019,1840015588
Bakerhill,Bakerhill,AL,Alabama,1005,Barbour,31.7769,-85.2955,252,35,polygon,FALSE,FALSE,America/Chicago,3,36027,1840027556
Ballplay,Ballplay,AL,Alabama,1055,Etowah,34.0179,-85.7853,1458,23,polygon,FALSE,FALSE,America/Chicago,3,35903 36272,1840022887
Banks,Banks,AL,Alabama,1109,Pike,31.8132,-85.8364,164,31,polygon,FALSE,TRUE,America/Chicago,3,36005,1840015841
Bay Minette,Bay Minette,AL,Alabama,1003,Baldwin,30.893,-87.7912,8704,209,polygon,FALSE,TRUE,America/Chicago,3,36507,1840000959
Bayou La Batre,Bayou La Batre,AL,Alabama,1097,Mobile,30.4126,-88.261,2479,127,polygon,FALSE,TRUE,America/Chicago,3,36544 36509,1840013897
Bear Creek,Bear Creek,AL,Alabama,1093,Marion,34.2651,-87.7164,1068,30,polygon,FALSE,TRUE,America/Chicago,3,35581 35543,1840015585
Beatrice,Beatrice,AL,Alabama,1099,Monroe,31.7332,-87.209,278,79,polygon,FALSE,TRUE,America/Chicago,3,36425,1840015858
Beaverton,Beaverton,AL,Alabama,1075,Lamar,33.9354,-88.0218,187,15,polygon,FALSE,TRUE,America/Chicago,3,35544,1840015635
Belgreen,Belgreen,AL,Alabama,1059,Franklin,34.4767,-87.8653,76,23,polygon,FALSE,FALSE,America/Chicago,3,35653,1840005612
Belk,Belk,AL,Alabama,1057,Fayette,33.6516,-87.9286,204,56,polygon,FALSE,TRUE,America/Chicago,3,35545 35574 35555,1840015660
Bellamy,Bellamy,AL,Alabama,1119,Sumter,32.4582,-88.1277,380,38,polygon,FALSE,FALSE,America/Chicago,3,35470 36901,1840025886
Belle Fontaine,Belle Fontaine,AL,Alabama,1097,Mobile,30.492,-88.1131,532,132,polygon,FALSE,TRUE,America/Chicago,3,36582,1840023701
Benton,Benton,AL,Alabama,1085,Lowndes,32.3078,-86.818,41,52,polygon,FALSE,TRUE,America/Chicago,3,36785 36752,1840015812
Berlin,Berlin,AL,Alabama,1043,Cullman,34.1868,-86.7442,460,214,polygon,FALSE,TRUE,America/Chicago,3,35055,1840146895
Berry,Berry,AL,Alabama,1057,Fayette,33.6623,-87.6079,1095,39,polygon,FALSE,TRUE,America/Chicago,3,35546,1840015661
Bessemer,Bessemer,AL,Alabama,1073,Jefferson,33.3709,-86.9713,26472,252,polygon,FALSE,TRUE,America/Chicago,3,35022 35020,1840013732
Billingsley,Billingsley,AL,Alabama,1001,Autauga,32.661,-86.7087,142,46,polygon,FALSE,TRUE,America/Chicago,3,36006,1840015798
Birmingham,Birmingham,AL,Alabama,1073,Jefferson,33.5277,-86.7987,739573,553,polygon,FALSE,TRUE,America/Chicago,2,35218 35214 35215 35217 35210 35211 35212 35213 35243 35242 35224 35221 35222 35228 35203 35207 35206 35205 35204 35209 35208 35254 35068 35061 35234 35235 35233 35201 35202 35220 35232 35237 35238 35246 35249 35255 35259 35261 35270 35282 35283 35285 35287 35290 35291 35292 35294 35295 35297 35298,1840006507
Black,Black,AL,Alabama,1061,Geneva,31.0102,-85.7428,203,25,polygon,FALSE,TRUE,America/Chicago,3,36314,1840015882
Blountsville,Blountsville,AL,Alabama,1009,Blount,34.0814,-86.5867,1670,118,polygon,FALSE,TRUE,America/Chicago,3,35031,1840015600
Blue Ridge,Blue Ridge,AL,Alabama,1051,Elmore,32.501,-86.1839,1602,79,polygon,FALSE,FALSE,America/Chicago,3,36093,1840013806
Blue Springs,Blue Springs,AL,Alabama,1005,Barbour,31.6635,-85.5035,87,11,polygon,FALSE,TRUE,America/Chicago,3,36374 36017,1840015839
Boaz,Boaz,AL,Alabama,1095,Marshall,34.1985,-86.1529,9704,257,polygon,FALSE,TRUE,America/Chicago,3,35957 35956,1840013602
Boligee,Boligee,AL,Alabama,1063,Greene,32.7699,-88.0264,280,27,polygon,FALSE,TRUE,America/Chicago,3,35443,1840015759
Bon Air,Bon Air,AL,Alabama,1121,Talladega,33.2621,-86.3319,110,32,polygon,FALSE,TRUE,America/Chicago,3,35150 35044 35032,1840015699
Bon Secour,Bon Secour,AL,Alabama,1003,Baldwin,30.3222,-87.7271,1011,90,polygon,FALSE,FALSE,America/Chicago,3,36511 36535,1840027557
Boykin,Boykin,AL,Alabama,1131,Wilcox,32.0701,-87.2914,134,19,polygon,FALSE,FALSE,America/Chicago,3,36720 36723,1840025922
Brantley,Brantley,AL,Alabama,1041,Crenshaw,31.5822,-86.2569,768,95,polygon,FALSE,TRUE,America/Chicago,3,36009,1840015844
Brantleyville,Brantleyville,AL,Alabama,1117,Shelby,33.2196,-86.882,987,173,polygon,FALSE,FALSE,America/Chicago,3,35114,1840022963
Brent,Brent,AL,Alabama,1007,Bibb,32.9421,-87.1753,5302,208,polygon,FALSE,TRUE,America/Chicago,3,35042 35034,1840013781
Brewton,Brewton,AL,Alabama,1053,Escambia,31.1111,-87.0737,6615,179,polygon,FALSE,TRUE,America/Chicago,3,36426 36427,1840006146
Bridgeport,Bridgeport,AL,Alabama,1071,Jackson,34.9495,-85.7243,2297,204,polygon,FALSE,TRUE,America/Chicago,3,35740,1840001007
Brighton,Brighton,AL,Alabama,1073,Jefferson,33.4393,-86.9454,2775,757,polygon,FALSE,TRUE,America/Chicago,3,35020,1840013734
Brilliant,Brilliant,AL,Alabama,1093,Marion,34.0256,-87.7691,873,31,polygon,FALSE,TRUE,America/Chicago,3,35594 35548,1840015586
Bristow Cove,Bristow Cove,AL,Alabama,1055,Etowah,34.1092,-86.241,769,27,polygon,FALSE,TRUE,America/Chicago,3,35956,1840037800
Brook Highland,Brook Highland,AL,Alabama,1117,Shelby,33.4359,-86.6849,7116,979,polygon,FALSE,FALSE,America/Chicago,3,35242,1840027551
Brookside,Brookside,AL,Alabama,1073,Jefferson,33.638,-86.9014,1329,80,polygon,FALSE,TRUE,America/Chicago,3,35214 35117 35036,1840015669
Brookwood,Brookwood,AL,Alabama,1125,Tuscaloosa,33.2397,-87.3277,1848,85,polygon,FALSE,TRUE,America/Chicago,3,35444,1840015711
Broomtown,Broomtown,AL,Alabama,1019,Cherokee,34.3657,-85.5322,198,16,polygon,FALSE,FALSE,America/Chicago,3,35973,1840022843
Brundidge,Brundidge,AL,Alabama,1109,Pike,31.7182,-85.8177,1902,75,polygon,FALSE,TRUE,America/Chicago,3,36010,1840013848
Bucks,Bucks,AL,Alabama,1097,Mobile,31.017,-88.0249,68,67,polygon,FALSE,FALSE,America/Chicago,3,36512 36560,1840025980
Butler,Butler,AL,Alabama,1023,Choctaw,32.0965,-88.2108,1721,98,polygon,FALSE,TRUE,America/Chicago,3,36904,1840015823
Calera,Calera,AL,Alabama,1117,Shelby,33.1249,-86.745,14717,235,polygon,FALSE,TRUE,America/Chicago,3,35040,1840013757
Calvert,Calvert,AL,Alabama,1129,Washington,31.154,-88.0169,957,158,polygon,FALSE,FALSE,America/Chicago,3,36513 36560,1840025955
Camden,Camden,AL,Alabama,1131,Wilcox,32.0007,-87.2967,1765,162,polygon,FALSE,TRUE,America/Chicago,3,36726,1840001060
Camp Hill,Camp Hill,AL,Alabama,1123,Tallapoosa,32.8002,-85.6536,950,40,polygon,FALSE,TRUE,America/Chicago,3,36850,1840015761
Carbon Hill,Carbon Hill,AL,Alabama,1127,Walker,33.8944,-87.5224,1892,132,polygon,FALSE,TRUE,America/Chicago,3,35549,1840014766
Cardiff,Cardiff,AL,Alabama,1073,Jefferson,33.6472,-86.9307,55,84,polygon,FALSE,TRUE,America/Chicago,3,35073,1840015670
Carlisle-Rockledge,Carlisle-Rockledge,AL,Alabama,1055,Etowah,34.114,-86.1191,2391,57,polygon,FALSE,TRUE,America/Chicago,3,35956 35954,1840037805
Carlton,Carlton,AL,Alabama,1025,Clarke,31.343,-87.8378,36,3,polygon,FALSE,FALSE,America/Chicago,3,36545,1840025932
Carolina,Carolina,AL,Alabama,1039,Covington,31.2337,-86.5227,295,102,polygon,FALSE,TRUE,America/Chicago,3,36420,1840015866
Carrollton,Carrollton,AL,Alabama,1107,Pickens,33.2619,-88.0951,943,176,polygon,FALSE,TRUE,America/Chicago,3,35447,1840004806
Castleberry,Castleberry,AL,Alabama,1035,Conecuh,31.3001,-87.027,540,121,polygon,FALSE,TRUE,America/Chicago,3,36432,1840017079
Catherine,Catherine,AL,Alabama,1131,Wilcox,32.1861,-87.4699,21,3,polygon,FALSE,FALSE,America/Chicago,3,36728,1840025923
Cedar Bluff,Cedar Bluff,AL,Alabama,1019,Cherokee,34.2217,-85.5877,1823,144,polygon,FALSE,TRUE,America/Chicago,3,35959,1840005812
Center Point,Center Point,AL,Alabama,1073,Jefferson,33.6446,-86.6851,16110,1005,polygon,FALSE,TRUE,America/Chicago,3,35215,1840014789
Centre,Centre,AL,Alabama,1019,Cherokee,34.1551,-85.6699,3762,121,polygon,FALSE,TRUE,America/Chicago,3,35960,1840001099
Centreville,Centreville,AL,Alabama,1007,Bibb,32.9597,-87.1334,2609,106,polygon,FALSE,TRUE,America/Chicago,3,35042,1840007089
Chatom,Chatom,AL,Alabama,1129,Washington,31.4691,-88.246,1182,42,polygon,FALSE,TRUE,America/Chicago,3,36518,1840001112
Chelsea,Chelsea,AL,Alabama,1117,Shelby,33.3255,-86.6299,14126,236,polygon,FALSE,TRUE,America/Chicago,3,35051 35043,1840014823
Cherokee,Cherokee,AL,Alabama,1033,Colbert,34.7577,-87.967,1008,175,polygon,FALSE,TRUE,America/Chicago,3,35616,1840016548
Chickasaw,Chickasaw,AL,Alabama,1097,Mobile,30.7714,-88.0793,5702,523,polygon,FALSE,TRUE,America/Chicago,3,36611 36671,1840014986
Childersburg,Childersburg,AL,Alabama,1121,Talladega,33.2961,-86.3457,4837,151,polygon,FALSE,TRUE,America/Chicago,3,35044 35014,1840014813
Choccolocco,Choccolocco,AL,Alabama,1015,Calhoun,33.6683,-85.7129,2396,79,polygon,FALSE,FALSE,America/Chicago,3,36207 36254,1840022930
Chunchula,Chunchula,AL,Alabama,1097,Mobile,30.9237,-88.2072,142,30,polygon,FALSE,FALSE,America/Chicago,3,36521,1840025981
Citronelle,Citronelle,AL,Alabama,1097,Mobile,31.0952,-88.2468,3861,57,polygon,FALSE,TRUE,America/Chicago,3,36522,1840014987
Clanton,Clanton,AL,Alabama,1021,Chilton,32.844,-86.623,5901,148,polygon,FALSE,TRUE,America/Chicago,3,35045 35046,1840006157
Clay,Clay,AL,Alabama,1073,Jefferson,33.6976,-86.607,9923,381,polygon,FALSE,TRUE,America/Chicago,3,35173 35126,1840014790
Clayhatchee,Clayhatchee,AL,Alabama,1045,Dale,31.2434,-85.7136,585,83,polygon,FALSE,TRUE,America/Chicago,3,36322,1840017086
Clayton,Clayton,AL,Alabama,1005,Barbour,31.8822,-85.4604,2847,162,polygon,FALSE,TRUE,America/Chicago,3,36016,1840001251
Cleveland,Cleveland,AL,Alabama,1009,Blount,33.9965,-86.5671,1306,64,polygon,FALSE,TRUE,America/Chicago,3,35049 35121,1840016718
Clio,Clio,AL,Alabama,1005,Barbour,31.7085,-85.6109,1274,48,polygon,FALSE,TRUE,America/Chicago,3,36017,1840014926
Coaling,Coaling,AL,Alabama,1125,Tuscaloosa,33.1641,-87.3534,1663,128,polygon,FALSE,TRUE,America/Chicago,3,35453 35449,1840016840
Coats Bend,Coats Bend,AL,Alabama,1055,Etowah,34.0774,-85.8742,1600,72,polygon,FALSE,TRUE,America/Chicago,3,35901,1840075147
Coffee Springs,Coffee Springs,AL,Alabama,1061,Geneva,31.1664,-85.9102,214,105,polygon,FALSE,TRUE,America/Chicago,3,36318,1840017138
Coffeeville,Coffeeville,AL,Alabama,1025,Clarke,31.7666,-88.0861,322,27,polygon,FALSE,TRUE,America/Chicago,3,36524,1840017049
Coker,Coker,AL,Alabama,1125,Tuscaloosa,33.2446,-87.6799,964,190,polygon,FALSE,TRUE,America/Chicago,3,35452,1840016841
Collinsville,Collinsville,AL,Alabama,1049,DeKalb,34.267,-85.8652,2009,198,polygon,FALSE,TRUE,America/Chicago,3,35961,1840016553
Colony,Colony,AL,Alabama,1043,Cullman,33.9413,-86.9016,289,49,polygon,FALSE,TRUE,America/Chicago,3,35077,1840073883
Columbia,Columbia,AL,Alabama,1069,Houston,31.2968,-85.1103,737,72,polygon,FALSE,TRUE,America/New_York,3,36319,1840017129
Columbiana,Columbiana,AL,Alabama,1117,Shelby,33.193,-86.6115,2864,101,polygon,FALSE,TRUE,America/Chicago,3,35051,1840006158
Concord,Concord,AL,Alabama,1073,Jefferson,33.4674,-87.0392,1690,193,polygon,FALSE,FALSE,America/Chicago,3,35023,1840013094
Coosada,Coosada,AL,Alabama,1051,Elmore,32.4983,-86.3279,1298,72,polygon,FALSE,TRUE,America/Chicago,3,36054 36020,1840016963
Cordova,Cordova,AL,Alabama,1127,Walker,33.7613,-87.1925,1850,122,polygon,FALSE,TRUE,America/Chicago,3,35550,1840014767
Cottondale,Cottondale,AL,Alabama,1125,Tuscaloosa,33.1922,-87.4544,3469,387,polygon,FALSE,FALSE,America/Chicago,3,35404 35453,1840023723
Cottonwood,Cottonwood,AL,Alabama,1069,Houston,31.0552,-85.3007,1255,83,polygon,FALSE,TRUE,America/Chicago,3,36320,1840017130
County Line,County Line,AL,Alabama,1009,Blount,33.821,-86.7198,265,105,polygon,FALSE,TRUE,America/Chicago,3,35172,1840016719
Courtland,Courtland,AL,Alabama,1079,Lawrence,34.6703,-87.3262,588,76,polygon,FALSE,TRUE,America/Chicago,3,35618,1840016590
Cowarts,Cowarts,AL,Alabama,1069,Houston,31.2041,-85.3062,2079,107,polygon,FALSE,TRUE,America/Chicago,3,36303 36321,1840017131
Creola,Creola,AL,Alabama,1097,Mobile,30.8903,-88.01,2036,55,polygon,FALSE,TRUE,America/Chicago,3,36525,1840014988
Crossville,Crossville,AL,Alabama,1049,DeKalb,34.2853,-85.9997,1857,85,polygon,FALSE,TRUE,America/Chicago,3,35962,1840016554
Cuba,Cuba,AL,Alabama,1119,Sumter,32.441,-88.3755,290,27,polygon,FALSE,TRUE,America/Chicago,3,36907,1840016947
Cullman,Cullman,AL,Alabama,1043,Cullman,34.1777,-86.8407,19920,283,polygon,FALSE,TRUE,America/Chicago,3,35058 35057 35055 35056,1840001354
Cullomburg,Cullomburg,AL,Alabama,1023,Choctaw,31.7131,-88.2917,155,11,polygon,FALSE,FALSE,America/Chicago,3,36919,1840025919
Cusseta,Cusseta,AL,Alabama,1017,Chambers,32.7877,-85.3057,124,18,polygon,FALSE,TRUE,America/Chicago,3,36852,1840023011
Dadeville,Dadeville,AL,Alabama,1123,Tallapoosa,32.8326,-85.7675,3053,73,polygon,FALSE,TRUE,America/Chicago,3,36853,1840001397
Daleville,Daleville,AL,Alabama,1045,Dale,31.2915,-85.7117,5102,139,polygon,FALSE,TRUE,America/Chicago,3,36322,1840014955
Daphne,Daphne,AL,Alabama,1003,Baldwin,30.6286,-87.8866,71484,603,polygon,FALSE,TRUE,America/Chicago,3,36527 36526,1840006178
Dauphin Island,Dauphin Island,AL,Alabama,1097,Mobile,30.2525,-88.1438,1335,82,polygon,FALSE,TRUE,America/Chicago,3,36528,1840017141
Daviston,Daviston,AL,Alabama,1123,Tallapoosa,33.0556,-85.6371,210,8,polygon,FALSE,TRUE,America/Chicago,3,36256,1840016913
Dayton,Dayton,AL,Alabama,1091,Marengo,32.3509,-87.6416,46,17,polygon,FALSE,TRUE,America/Chicago,3,36738 36748,1840016995
Deatsville,Deatsville,AL,Alabama,1051,Elmore,32.5863,-86.3918,1237,99,polygon,FALSE,TRUE,America/Chicago,3,36054 36022,1840016964
Decatur,Decatur,AL,Alabama,1103,Morgan,34.573,-86.9906,68867,388,polygon,FALSE,TRUE,America/Chicago,3,35603 35601 35602 35609,1840001403
Deer Park,Deer Park,AL,Alabama,1129,Washington,31.2198,-88.3226,134,16,polygon,FALSE,FALSE,America/Chicago,3,36584 36529,1840025956
Delta,Delta,AL,Alabama,1027,Clay,33.447,-85.6746,219,10,polygon,FALSE,FALSE,America/Chicago,3,36258,1840022972
Demopolis,Demopolis,AL,Alabama,1091,Marengo,32.498,-87.8298,5701,143,polygon,FALSE,TRUE,America/Chicago,3,36732 36742,1840014897
Detroit,Detroit,AL,Alabama,1075,Lamar,34.0274,-88.1678,220,64,polygon,FALSE,TRUE,America/Chicago,3,35552,1840016757
Dodge City,Dodge City,AL,Alabama,1043,Cullman,34.0453,-86.8837,623,69,polygon,FALSE,TRUE,America/Chicago,3,35057 35077,1840016700
Dora,Dora,AL,Alabama,1127,Walker,33.7292,-87.085,1905,97,polygon,FALSE,TRUE,America/Chicago,3,35130 35062,1840005829
Dothan,Dothan,AL,Alabama,1069,Houston,31.2335,-85.4069,72396,296,polygon,FALSE,TRUE,America/Chicago,3,36303 36301 36305 36321 36302 36304,1840001518
Double Springs,Double Springs,AL,Alabama,1133,Winston,34.1502,-87.3912,1062,80,polygon,FALSE,TRUE,America/Chicago,3,35553,1840007127
Douglas,Douglas,AL,Alabama,1095,Marshall,34.1705,-86.3224,778,88,polygon,FALSE,TRUE,America/Chicago,3,35957 35980 35964,1840016619
Dozier,Dozier,AL,Alabama,1041,Crenshaw,31.5031,-86.3694,320,41,polygon,FALSE,TRUE,America/Chicago,3,36028,1840017043
Dunnavant,Dunnavant,AL,Alabama,1117,Shelby,33.5006,-86.538,914,19,polygon,FALSE,TRUE,America/Chicago,3,35094 35176,1840037812
Dutton,Dutton,AL,Alabama,1071,Jackson,34.6062,-85.9119,314,140,polygon,FALSE,TRUE,America/Chicago,3,35744,1840016525
East Brewton,East Brewton,AL,Alabama,1053,Escambia,31.0906,-87.0556,2356,266,polygon,FALSE,TRUE,America/Chicago,3,36426,1840013889
East Point,East Point,AL,Alabama,1043,Cullman,34.1859,-86.7927,97,39,polygon,FALSE,FALSE,America/Chicago,3,35058 35055,1840025861
Eclectic,Eclectic,AL,Alabama,1051,Elmore,32.6387,-86.0386,1013,95,polygon,FALSE,TRUE,America/Chicago,3,36024,1840016965
Edgewater,Edgewater,AL,Alabama,1073,Jefferson,33.5286,-86.9574,743,236,polygon,FALSE,FALSE,America/Chicago,3,35224,1840013093
Edwardsville,Edwardsville,AL,Alabama,1029,Cleburne,33.8411,-85.4523,196,4,polygon,FALSE,TRUE,America/Chicago,3,36262 36272 36261,1840007129
Egypt,Egypt,AL,Alabama,1055,Etowah,34.0759,-86.1651,774,33,polygon,FALSE,FALSE,America/Chicago,3,35952 35956,1840022888
Elba,Elba,AL,Alabama,1031,Coffee,31.4172,-86.0759,3811,95,polygon,FALSE,TRUE,America/Chicago,3,36323,1840001532
Elberta,Elberta,AL,Alabama,1003,Baldwin,30.3855,-87.5888,1746,96,polygon,FALSE,TRUE,America/Chicago,3,36530,1840017125
Eldridge,Eldridge,AL,Alabama,1127,Walker,33.922,-87.6201,123,67,polygon,FALSE,TRUE,America/Chicago,3,35554,1840016767
Elkmont,Elkmont,AL,Alabama,1083,Limestone,34.9289,-86.9765,510,119,polygon,FALSE,TRUE,America/Chicago,3,35620,1840016511
Elmore,Elmore,AL,Alabama,1051,Elmore,32.5552,-86.3425,1348,82,polygon,FALSE,TRUE,America/Chicago,3,36022 36025,1840016966
Emelle,Emelle,AL,Alabama,1119,Sumter,32.7287,-88.3165,48,87,polygon,FALSE,TRUE,America/Chicago,3,35459,1840016948
Emerald Mountain,Emerald Mountain,AL,Alabama,1051,Elmore,32.4396,-86.0857,3200,76,polygon,FALSE,TRUE,America/Chicago,3,36093 36078,1840037820
Enterprise,Enterprise,AL,Alabama,1031,Coffee,31.3276,-85.8459,38914,357,polygon,FALSE,TRUE,America/Chicago,3,36330 36331,1840001548
Epes,Epes,AL,Alabama,1119,Sumter,32.6906,-88.1405,329,19,polygon,FALSE,TRUE,America/Chicago,3,35460,1840016949
Ethelsville,Ethelsville,AL,Alabama,1107,Pickens,33.4141,-88.2161,73,49,polygon,FALSE,TRUE,America/Chicago,3,35461,1840001617
Eufaula,Eufaula,AL,Alabama,1005,Barbour,31.9102,-85.1505,8484,75,polygon,FALSE,TRUE,America/Chicago,3,36027 36072,1840001685
Eunola,Eunola,AL,Alabama,1061,Geneva,31.0326,-85.8409,239,50,polygon,FALSE,FALSE,America/Chicago,3,36340,1840001835
Eutaw,Eutaw,AL,Alabama,1063,Greene,32.8436,-87.8987,2603,84,polygon,FALSE,TRUE,America/Chicago,3,35462,1840001838
Eva,Eva,AL,Alabama,1103,Morgan,34.3274,-86.7614,499,46,polygon,FALSE,TRUE,America/Chicago,3,35621,1840001840
Evergreen,Evergreen,AL,Alabama,1035,Conecuh,31.4342,-86.9723,2253,68,polygon,FALSE,TRUE,America/Chicago,3,36401,1840001842
Excel,Excel,AL,Alabama,1099,Monroe,31.4264,-87.3433,632,148,polygon,FALSE,TRUE,America/Chicago,3,36460 36439,1840004979
Fairfield,Fairfield,AL,Alabama,1073,Jefferson,33.4747,-86.9194,10568,1175,polygon,FALSE,TRUE,America/Chicago,3,35064,1840001883
Fairford,Fairford,AL,Alabama,1129,Washington,31.178,-88.0728,64,8,polygon,FALSE,FALSE,America/Chicago,3,36553,1840025957
Fairhope,Fairhope,AL,Alabama,1003,Baldwin,30.5217,-87.8815,22677,626,polygon,FALSE,TRUE,America/Chicago,3,36532,1840002039
Fairview,Fairview,AL,Alabama,1043,Cullman,34.2477,-86.6843,463,66,polygon,FALSE,TRUE,America/Chicago,3,35058,1840002078
Falkville,Falkville,AL,Alabama,1103,Morgan,34.3793,-86.9086,1257,128,polygon,FALSE,TRUE,America/Chicago,3,35622,1840002079
Faunsdale,Faunsdale,AL,Alabama,1091,Marengo,32.4576,-87.5938,92,128,polygon,FALSE,TRUE,America/Chicago,3,36738,1840002081
Fayette,Fayette,AL,Alabama,1057,Fayette,33.6943,-87.8307,3154,193,polygon,FALSE,TRUE,America/Chicago,3,35555,1840006295
Fayetteville,Fayetteville,AL,Alabama,1121,Talladega,33.1643,-86.4411,1432,31,polygon,FALSE,FALSE,America/Chicago,3,35151 35044,1840022953
Fitzpatrick,Fitzpatrick,AL,Alabama,1011,Bullock,32.2113,-85.8784,41,3,polygon,FALSE,FALSE,America/Chicago,3,36029,1840025920
Five Points,Five Points,AL,Alabama,1017,Chambers,33.0173,-85.3516,143,53,polygon,FALSE,TRUE,America/Chicago,3,36855,1840016910
Flomaton,Flomaton,AL,Alabama,1053,Escambia,31.0127,-87.2541,1393,105,polygon,FALSE,TRUE,America/Chicago,3,36441,1840006309
Florala,Florala,AL,Alabama,1039,Covington,31.0176,-86.3138,1906,69,polygon,FALSE,TRUE,America/Chicago,3,36442,1840007209
Florence,Florence,AL,Alabama,1077,Lauderdale,34.8303,-87.6654,79964,594,polygon,FALSE,TRUE,America/Chicago,3,35633 35630 35631 35632,1840002083
Foley,Foley,AL,Alabama,1003,Baldwin,30.3983,-87.6649,36921,242,polygon,FALSE,TRUE,America/Chicago,3,36535 36530 36536,1840002084
Forestdale,Forestdale,AL,Alabama,1073,Jefferson,33.5737,-86.9002,9273,530,polygon,FALSE,FALSE,America/Chicago,3,35214 35005 35231,1840013723
Forkland,Forkland,AL,Alabama,1063,Greene,32.6489,-87.8671,588,64,polygon,FALSE,TRUE,America/Chicago,3,36740,1840002097
Fort Deposit,Fort Deposit,AL,Alabama,1085,Lowndes,31.9863,-86.5664,1155,78,polygon,FALSE,TRUE,America/Chicago,3,36032,1840002146
Fort Payne,Fort Payne,AL,Alabama,1049,DeKalb,34.4557,-85.6965,7049,96,polygon,FALSE,TRUE,America/Chicago,3,35967 35968,1840004822
Fort Rucker,Fort Rucker,AL,Alabama,1045,Dale,31.3428,-85.7154,5134,182,polygon,TRUE,TRUE,America/Chicago,3,36362,1840073838
Franklin,Franklin,AL,Alabama,1087,Macon,32.4514,-85.7864,512,13,polygon,FALSE,TRUE,America/Chicago,3,36083,1840016980
Fredonia,Fredonia,AL,Alabama,1017,Chambers,32.9861,-85.2912,220,7,polygon,FALSE,FALSE,America/Chicago,3,36855 36863,1840023013
Frisco City,Frisco City,AL,Alabama,1099,Monroe,31.4353,-87.4037,1153,110,polygon,FALSE,TRUE,America/Chicago,3,36445,1840005003
Fruitdale,Fruitdale,AL,Alabama,1129,Washington,31.3429,-88.4109,224,19,polygon,FALSE,FALSE,America/Chicago,3,36539,1840025958
Fruithurst,Fruithurst,AL,Alabama,1029,Cleburne,33.7297,-85.4312,280,108,polygon,FALSE,TRUE,America/Chicago,3,36262,1840002170
Fulton,Fulton,AL,Alabama,1025,Clarke,31.7916,-87.7397,246,38,polygon,FALSE,TRUE,America/Chicago,3,36446 36451,1840002425
Fultondale,Fultondale,AL,Alabama,1073,Jefferson,33.6177,-86.8015,9284,293,polygon,FALSE,TRUE,America/Chicago,3,35217 35119 35068,1840002481
Fyffe,Fyffe,AL,Alabama,1049,DeKalb,34.4496,-85.9049,1045,91,polygon,FALSE,TRUE,America/Chicago,3,35971,1840004830
Gadsden,Gadsden,AL,Alabama,1055,Etowah,34.009,-86.0156,60944,362,polygon,FALSE,TRUE,America/Chicago,3,35901 35903 35904 35902,1840006332
Gainesville,Gainesville,AL,Alabama,1119,Sumter,32.8149,-88.1608,183,41,polygon,FALSE,TRUE,America/Chicago,3,35464,1840006339
Gallant,Gallant,AL,Alabama,1055,Etowah,34.0013,-86.2304,743,19,polygon,FALSE,FALSE,America/Chicago,3,35972,1840022889
Gantt,Gantt,AL,Alabama,1039,Covington,31.4092,-86.4842,215,127,polygon,FALSE,TRUE,America/Chicago,3,36038 36421,1840002554
Garden City,Garden City,AL,Alabama,1043,Cullman,34.0152,-86.752,501,64,polygon,FALSE,TRUE,America/Chicago,3,35077 35070,1840002685
Gardendale,Gardendale,AL,Alabama,1073,Jefferson,33.6678,-86.8069,14177,239,polygon,FALSE,TRUE,America/Chicago,3,35071 35119,1840002820
Gaylesville,Gaylesville,AL,Alabama,1019,Cherokee,34.2681,-85.5586,141,158,polygon,FALSE,TRUE,America/Chicago,3,35973,1840002987
Geiger,Geiger,AL,Alabama,1119,Sumter,32.8698,-88.313,151,61,polygon,FALSE,TRUE,America/Chicago,3,35459,1840003029
Geneva,Geneva,AL,Alabama,1061,Geneva,31.0437,-85.8763,2557,104,polygon,FALSE,TRUE,America/Chicago,3,36340,1840003161
Georgiana,Georgiana,AL,Alabama,1013,Butler,31.6391,-86.7468,1608,99,polygon,FALSE,TRUE,America/Chicago,3,36033,1840003191
Geraldine,Geraldine,AL,Alabama,1049,DeKalb,34.3577,-86.0037,898,88,polygon,FALSE,TRUE,America/Chicago,3,35974,1840004919
Gilbertown,Gilbertown,AL,Alabama,1023,Choctaw,31.8758,-88.3195,193,95,polygon,FALSE,TRUE,America/Chicago,3,36908,1840003209
Glen Allen,Glen Allen,AL,Alabama,1057,Fayette,33.8922,-87.7328,480,28,polygon,FALSE,TRUE,America/Chicago,3,35559 35594 35554,1840005839
Glencoe,Glencoe,AL,Alabama,1055,Etowah,33.9449,-85.9319,5071,116,polygon,FALSE,TRUE,America/Chicago,3,35903 35905,1840003257
Glenwood,Glenwood,AL,Alabama,1041,Crenshaw,31.6675,-86.173,183,96,polygon,FALSE,TRUE,America/Chicago,3,36034,1840003300
Goldville,Goldville,AL,Alabama,1123,Tallapoosa,33.0841,-85.7831,54,21,polygon,FALSE,TRUE,America/Chicago,3,36255 36256,1840006026
Good Hope,Good Hope,AL,Alabama,1043,Cullman,34.1098,-86.8651,2362,115,polygon,FALSE,TRUE,America/Chicago,3,35057 35055 35077,1840003328
Goodwater,Goodwater,AL,Alabama,1037,Coosa,33.0608,-86.0516,1315,78,polygon,FALSE,TRUE,America/Chicago,3,35072,1840007377
Gordo,Gordo,AL,Alabama,1107,Pickens,33.322,-87.904,1614,191,polygon,FALSE,TRUE,America/Chicago,3,35466,1840003367
Gordon,Gordon,AL,Alabama,1069,Houston,31.1436,-85.0925,325,42,polygon,FALSE,TRUE,America/Chicago,3,36343,1840006413
Gordonville,Gordonville,AL,Alabama,1085,Lowndes,32.1489,-86.6994,278,19,polygon,FALSE,TRUE,America/Chicago,3,36040,1840017008
Goshen,Goshen,AL,Alabama,1109,Pike,31.7182,-86.1242,255,38,polygon,FALSE,TRUE,America/Chicago,3,36035,1840003403
Graham,Graham,AL,Alabama,1111,Randolph,33.4552,-85.3231,84,5,polygon,FALSE,FALSE,America/Chicago,3,36263,1840022971
Grand Bay,Grand Bay,AL,Alabama,1097,Mobile,30.4717,-88.345,4090,182,polygon,FALSE,FALSE,America/Chicago,3,36541,1840013894
Grant,Grant,AL,Alabama,1095,Marshall,34.5189,-86.2492,916,191,polygon,FALSE,TRUE,America/Chicago,3,35747,1840016620
Grayson Valley,Grayson Valley,AL,Alabama,1073,Jefferson,33.6469,-86.6414,5986,1179,polygon,FALSE,FALSE,America/Chicago,3,35235,1840027631
Graysville,Graysville,AL,Alabama,1073,Jefferson,33.6583,-86.9674,2092,47,polygon,FALSE,TRUE,America/Chicago,3,35073,1840003493
Greensboro,Greensboro,AL,Alabama,1065,Hale,32.7014,-87.595,2268,368,polygon,FALSE,TRUE,America/Chicago,3,36744,1840006442
Greenville,Greenville,AL,Alabama,1013,Butler,31.8437,-86.6379,5477,133,polygon,FALSE,TRUE,America/Chicago,3,36037,1840003498
Grimes,Grimes,AL,Alabama,1045,Dale,31.2999,-85.4502,556,171,polygon,FALSE,TRUE,America/Chicago,3,36303 36350,1840003500
Grove Hill,Grove Hill,AL,Alabama,1025,Clarke,31.7006,-87.7748,1738,88,polygon,FALSE,TRUE,America/Chicago,3,36451,1840005924
Guin,Guin,AL,Alabama,1093,Marion,33.9832,-87.9023,2275,58,polygon,FALSE,TRUE,America/Chicago,3,35563,1840013640
Gulf Shores,Gulf Shores,AL,Alabama,1003,Baldwin,30.2759,-87.7013,12757,174,polygon,FALSE,TRUE,America/Chicago,3,36542 36547,1840013886
Gulfcrest,Gulfcrest,AL,Alabama,1097,Mobile,30.9925,-88.2399,321,81,polygon,FALSE,FALSE,America/Chicago,3,36521,1840025982
Guntersville,Guntersville,AL,Alabama,1095,Marshall,34.367,-86.2638,8571,129,polygon,FALSE,TRUE,America/Chicago,3,35976,1840006456
Gurley,Gurley,AL,Alabama,1089,Madison,34.7072,-86.3768,812,88,polygon,FALSE,TRUE,America/Chicago,3,35748,1840016519
Gu-Win,Gu-Win,AL,Alabama,1093,Marion,33.9443,-87.8704,174,34,polygon,FALSE,TRUE,America/Chicago,3,35563 35594,1840016696
Hackleburg,Hackleburg,AL,Alabama,1093,Marion,34.2693,-87.8303,1258,31,polygon,FALSE,TRUE,America/Chicago,3,35564,1840016697
Hackneyville,Hackneyville,AL,Alabama,1123,Tallapoosa,33.0567,-85.9312,337,14,polygon,FALSE,FALSE,America/Chicago,3,35072 35010,1840023016
Haleburg,Haleburg,AL,Alabama,1067,Henry,31.4099,-85.1381,100,10,polygon,FALSE,TRUE,America/Chicago,3,36319,1840017072
Haleyville,Haleyville,AL,Alabama,1133,Winston,34.2331,-87.6175,3893,190,polygon,FALSE,TRUE,America/Chicago,3,35565,1840013644
Hamilton,Hamilton,AL,Alabama,1093,Marion,34.1346,-87.9755,6606,67,polygon,FALSE,TRUE,America/Chicago,3,35570,1840003629
Hammondville,Hammondville,AL,Alabama,1049,DeKalb,34.5685,-85.6397,495,38,polygon,FALSE,TRUE,America/Chicago,3,35989,1840016557
Hanceville,Hanceville,AL,Alabama,1043,Cullman,34.0634,-86.7651,3422,296,polygon,FALSE,TRUE,America/Chicago,3,35077,1840013642
Harpersville,Harpersville,AL,Alabama,1117,Shelby,33.3184,-86.4287,1727,31,polygon,FALSE,TRUE,America/Chicago,3,35078,1840016847
Hartford,Hartford,AL,Alabama,1061,Geneva,31.1055,-85.6916,2578,159,polygon,FALSE,TRUE,America/Chicago,3,36344,1840013892
Hartselle,Hartselle,AL,Alabama,1103,Morgan,34.4391,-86.94,14466,339,polygon,FALSE,TRUE,America/Chicago,3,35640,1840013593
Harvest,Harvest,AL,Alabama,1089,Madison,34.8558,-86.7521,5700,178,polygon,FALSE,FALSE,America/Chicago,3,35749,1840013544
Hatton,Hatton,AL,Alabama,1079,Lawrence,34.561,-87.4136,106,30,polygon,FALSE,FALSE,America/Chicago,3,35672,1840025845
Hayden,Hayden,AL,Alabama,1009,Blount,33.8822,-86.7839,1343,129,polygon,FALSE,TRUE,America/Chicago,3,35180 35079,1840015601
Hayneville,Hayneville,AL,Alabama,1085,Lowndes,32.1822,-86.5787,784,162,polygon,FALSE,TRUE,America/Chicago,3,36040,1840003774
Hazel Green,Hazel Green,AL,Alabama,1089,Madison,34.9237,-86.5671,3452,132,polygon,FALSE,FALSE,America/Chicago,3,35750,1840013545
Headland,Headland,AL,Alabama,1067,Henry,31.3501,-85.3523,4712,59,polygon,FALSE,TRUE,America/Chicago,3,36345,1840014949
Heath,Heath,AL,Alabama,1039,Covington,31.3579,-86.4673,256,111,polygon,FALSE,TRUE,America/Chicago,3,36421,1840015867
Heflin,Heflin,AL,Alabama,1029,Cleburne,33.6471,-85.5698,3409,81,polygon,FALSE,TRUE,America/Chicago,3,36264,1840007380
Helena,Helena,AL,Alabama,1117,Shelby,33.2845,-86.8756,19925,377,polygon,FALSE,TRUE,America/Chicago,3,35022 35080,1840014827
Henagar,Henagar,AL,Alabama,1049,DeKalb,34.631,-85.7405,2363,40,polygon,FALSE,TRUE,America/Chicago,3,35978,1840014659
Highland Lake,Highland Lake,AL,Alabama,1009,Blount,33.8876,-86.4244,410,97,polygon,FALSE,TRUE,America/Chicago,3,35121,1840015602
Highland Lakes,Highland Lakes,AL,Alabama,1117,Shelby,33.397,-86.6497,5500,565,polygon,FALSE,TRUE,America/Chicago,3,35242,1840075149
Hillsboro,Hillsboro,AL,Alabama,1079,Lawrence,34.6408,-87.1837,521,106,polygon,FALSE,TRUE,America/Chicago,3,35643,1840016589
Hissop,Hissop,AL,Alabama,1037,Coosa,32.8746,-86.1159,461,9,polygon,FALSE,FALSE,America/Chicago,3,35010 35089,1840023019
Hobson,Hobson,AL,Alabama,1129,Washington,31.4836,-88.1513,147,19,polygon,FALSE,FALSE,America/Chicago,3,36518,1840025959
Hobson City,Hobson City,AL,Alabama,1015,Calhoun,33.6148,-85.8561,755,278,polygon,FALSE,TRUE,America/Chicago,3,36203 36201,1840016781
Hodges,Hodges,AL,Alabama,1059,Franklin,34.334,-87.9299,283,26,polygon,FALSE,TRUE,America/Chicago,3,35571,1840016624
Hokes Bluff,Hokes Bluff,AL,Alabama,1055,Etowah,33.9902,-85.8639,4257,137,polygon,FALSE,TRUE,America/Chicago,3,35903 35905,1840014733
Hollins,Hollins,AL,Alabama,1027,Clay,33.1213,-86.129,892,29,polygon,FALSE,FALSE,America/Chicago,3,35072,1840022973
Hollis Crossroads,Hollis Crossroads,AL,Alabama,1029,Cleburne,33.5231,-85.6437,591,18,polygon,FALSE,FALSE,America/Chicago,3,36264 36258,1840022933
Holly Pond,Holly Pond,AL,Alabama,1043,Cullman,34.1696,-86.6125,826,71,polygon,FALSE,TRUE,America/Chicago,3,35055 35083,1840016698
Hollywood,Hollywood,AL,Alabama,1071,Jackson,34.719,-85.965,984,42,polygon,FALSE,TRUE,America/Chicago,3,35769 35752,1840016522
Holt,Holt,AL,Alabama,1125,Tuscaloosa,33.2302,-87.4827,4159,507,polygon,FALSE,FALSE,America/Chicago,3,35404,1840013753
Holtville,Holtville,AL,Alabama,1051,Elmore,32.6314,-86.3268,4133,73,polygon,FALSE,FALSE,America/Chicago,3,36092 36022,1840023043
Homewood,Homewood,AL,Alabama,1073,Jefferson,33.4617,-86.8092,25377,1174,polygon,FALSE,TRUE,America/Chicago,3,35229 35209 35219 35293,1840014794
Hoover,Hoover,AL,Alabama,1073,Jefferson,33.3754,-86.8064,85768,691,polygon,FALSE,TRUE,America/Chicago,3,35216 35244 35242 35080 35226 35236 35260,1840014795
Horn Hill,Horn Hill,AL,Alabama,1039,Covington,31.2382,-86.3211,229,34,polygon,FALSE,TRUE,America/Chicago,3,36467,1840017093
Hueytown,Hueytown,AL,Alabama,1073,Jefferson,33.4237,-87.022,15322,300,polygon,FALSE,TRUE,America/Chicago,3,35023 35061,1840014796
Huguley,Huguley,AL,Alabama,1017,Chambers,32.8431,-85.2397,2273,106,polygon,FALSE,FALSE,America/Chicago,3,36863,1840013787
Huntsville,Huntsville,AL,Alabama,1089,Madison,34.6988,-86.6412,319249,361,polygon,FALSE,TRUE,America/Chicago,2,35801 35803 35802 35805 35806 35741 35824 35763 35757 35756 35810 35811 35816 35896 35762 35804 35807 35809 35814 35815 35893 35894 35895 35897 35899,1840005061
Hurtsboro,Hurtsboro,AL,Alabama,1113,Russell,32.2401,-85.4147,589,220,polygon,FALSE,TRUE,America/Chicago,3,36860,1840016999
Hytop,Hytop,AL,Alabama,1071,Jackson,34.8965,-86.088,422,47,polygon,FALSE,TRUE,America/Chicago,3,35768,1840016523
Ider,Ider,AL,Alabama,1049,DeKalb,34.7022,-85.6691,718,51,polygon,FALSE,TRUE,America/Chicago,3,35981 35978,1840016550
Indian Springs Village,Indian Springs Village,AL,Alabama,1117,Shelby,33.3591,-86.7493,2559,255,polygon,FALSE,TRUE,America/Chicago,3,35242 35124,1840014828
Irondale,Irondale,AL,Alabama,1073,Jefferson,33.544,-86.6599,12893,287,polygon,FALSE,TRUE,America/Chicago,3,35210 35015,1840014797
Ivalee,Ivalee,AL,Alabama,1055,Etowah,34.0372,-86.1472,886,45,polygon,FALSE,FALSE,America/Chicago,3,35954,1840022890
Jackson,Jackson,AL,Alabama,1025,Clarke,31.5318,-87.8915,2593,114,polygon,FALSE,TRUE,America/Chicago,3,36545,1840014935
Jacksons' Gap,Jacksons' Gap,AL,Alabama,1123,Tallapoosa,32.8831,-85.815,827,37,polygon,FALSE,TRUE,America/Chicago,3,36861,1840025222
Jacksonville,Jacksonville,AL,Alabama,1015,Calhoun,33.8088,-85.7545,12544,443,polygon,FALSE,TRUE,America/Chicago,3,36265,1840007433
Jasper,Jasper,AL,Alabama,1127,Walker,33.8503,-87.2708,13248,178,polygon,FALSE,TRUE,America/Chicago,3,35503 35504 35501 35502,1840003778
Jemison,Jemison,AL,Alabama,1021,Chilton,32.9696,-86.7339,2672,90,polygon,FALSE,TRUE,America/Chicago,3,35085,1840014862
Joppa,Joppa,AL,Alabama,1043,Cullman,34.2982,-86.5506,690,137,polygon,FALSE,FALSE,America/Chicago,3,35016 35087,1840025862
Kansas,Kansas,AL,Alabama,1127,Walker,33.9029,-87.5568,211,80,polygon,FALSE,TRUE,America/Chicago,3,35549 35501 35573,1840016766
Kellyton,Kellyton,AL,Alabama,1037,Coosa,32.9791,-86.0358,198,79,polygon,FALSE,TRUE,America/Chicago,3,35089,1840016916
Kennedy,Kennedy,AL,Alabama,1075,Lamar,33.5809,-87.9862,421,52,polygon,FALSE,TRUE,America/Chicago,3,35574,1840016755
Killen,Killen,AL,Alabama,1077,Lauderdale,34.8607,-87.5269,955,182,polygon,FALSE,TRUE,America/Chicago,3,35645,1840016503
Kimberly,Kimberly,AL,Alabama,1073,Jefferson,33.776,-86.7968,3593,231,polygon,FALSE,TRUE,America/Chicago,3,35071 35091 35116,1840016799
Kinsey,Kinsey,AL,Alabama,1069,Houston,31.2926,-85.3353,3341,72,polygon,FALSE,TRUE,America/Chicago,3,36303 36345,1840017127
Kinston,Kinston,AL,Alabama,1031,Coffee,31.22,-86.1705,547,43,polygon,FALSE,TRUE,America/Chicago,3,36453,1840017090
La Fayette,La Fayette,AL,Alabama,1017,Chambers,32.8997,-85.4007,2910,126,polygon,FALSE,TRUE,America/Chicago,3,36862,1840008339
Ladonia,Ladonia,AL,Alabama,1113,Russell,32.4609,-85.0877,3444,424,polygon,FALSE,FALSE,America/Chicago,3,36870 36869,1840013828
Lake View,Lake View,AL,Alabama,1125,Tuscaloosa,33.2802,-87.1258,4679,490,polygon,FALSE,TRUE,America/Chicago,3,35111,1840016839
Lanett,Lanett,AL,Alabama,1017,Chambers,32.8571,-85.2081,6151,380,polygon,FALSE,TRUE,America/Chicago,3,36863,1840014858
Langston,Langston,AL,Alabama,1071,Jackson,34.5374,-86.0899,262,20,polygon,FALSE,TRUE,America/Chicago,3,35755,1840016524
Leeds,Leeds,AL,Alabama,1073,Jefferson,33.5429,-86.5636,12040,206,polygon,FALSE,TRUE,America/Chicago,3,35094 35173,1840005106
Leesburg,Leesburg,AL,Alabama,1019,Cherokee,34.1839,-85.775,1013,62,polygon,FALSE,TRUE,America/Chicago,3,35983,1840016636
Leighton,Leighton,AL,Alabama,1033,Colbert,34.6941,-87.5282,756,135,polygon,FALSE,TRUE,America/Chicago,3,35646,1840016546
Leroy,Leroy,AL,Alabama,1129,Washington,31.4952,-87.969,685,22,polygon,FALSE,FALSE,America/Chicago,3,36548,1840025960
Lester,Lester,AL,Alabama,1083,Limestone,34.9877,-87.1515,131,27,polygon,FALSE,TRUE,America/Chicago,3,35647,1840016509
Level Plains,Level Plains,AL,Alabama,1045,Dale,31.3071,-85.7687,2002,251,polygon,FALSE,TRUE,America/Chicago,3,36330 36322,1840017083
Lexington,Lexington,AL,Alabama,1077,Lauderdale,34.9652,-87.3735,709,84,polygon,FALSE,TRUE,America/Chicago,3,35648,1840016504
Libertyville,Libertyville,AL,Alabama,1039,Covington,31.2428,-86.46,113,83,polygon,FALSE,TRUE,America/Chicago,3,36420,1840017094
Lillian,Lillian,AL,Alabama,1003,Baldwin,30.4122,-87.432,1330,268,polygon,FALSE,FALSE,America/Chicago,3,36549,1840025228
Lincoln,Lincoln,AL,Alabama,1121,Talladega,33.5935,-86.1371,6781,104,polygon,FALSE,TRUE,America/Chicago,3,35160 35096,1840015698
Linden,Linden,AL,Alabama,1091,Marengo,32.3001,-87.7926,1880,202,polygon,FALSE,TRUE,America/Chicago,3,36748,1840005138
Lineville,Lineville,AL,Alabama,1027,Clay,33.313,-85.7508,2249,89,polygon,FALSE,TRUE,America/Chicago,3,36266,1840008076
Lipscomb,Lipscomb,AL,Alabama,1073,Jefferson,33.4261,-86.926,2139,703,polygon,FALSE,TRUE,America/Chicago,3,35020,1840015667
Lisman,Lisman,AL,Alabama,1023,Choctaw,32.1792,-88.3002,493,73,polygon,FALSE,TRUE,America/Chicago,3,36912,1840017015
Littleville,Littleville,AL,Alabama,1033,Colbert,34.5951,-87.6719,992,77,polygon,FALSE,TRUE,America/Chicago,3,35674 35654,1840016547
Livingston,Livingston,AL,Alabama,1119,Sumter,32.5982,-88.1891,3260,176,polygon,FALSE,TRUE,America/Chicago,3,35470,1840005153
Loachapoka,Loachapoka,AL,Alabama,1081,Lee,32.6049,-85.5948,198,67,polygon,FALSE,TRUE,America/Chicago,3,36832 36865,1840016969
Lockhart,Lockhart,AL,Alabama,1039,Covington,31.0128,-86.3505,504,178,polygon,FALSE,TRUE,America/Chicago,3,36442 36455,1840017095
Locust Fork,Locust Fork,AL,Alabama,1009,Blount,33.8957,-86.6301,1197,119,polygon,FALSE,TRUE,America/Chicago,3,35097,1840016717
Lookout Mountain,Lookout Mountain,AL,Alabama,1055,Etowah,34.1091,-85.9585,1805,45,polygon,FALSE,TRUE,America/Chicago,3,35904,1840075152
Louisville,Louisville,AL,Alabama,1005,Barbour,31.781,-85.5583,462,64,polygon,FALSE,TRUE,America/Chicago,3,36048,1840003795
Lowndesboro,Lowndesboro,AL,Alabama,1085,Lowndes,32.2764,-86.6108,93,45,polygon,FALSE,TRUE,America/Chicago,3,36752,1840017005
Loxley,Loxley,AL,Alabama,1003,Baldwin,30.6813,-87.7418,3049,36,polygon,FALSE,TRUE,America/Chicago,3,36551 36527 36578,1840017123
Luverne,Luverne,AL,Alabama,1041,Crenshaw,31.7186,-86.2687,2744,67,polygon,FALSE,TRUE,America/Chicago,3,36049,1840004042
Lynn,Lynn,AL,Alabama,1133,Winston,34.0548,-87.5555,635,23,polygon,FALSE,TRUE,America/Chicago,3,35565 35575,1840016709
Macedonia,Macedonia,AL,Alabama,1107,Pickens,33.4031,-88.2392,197,19,polygon,FALSE,FALSE,America/Chicago,3,35461,1840026992
Madison,Madison,AL,Alabama,1089,Madison,34.7114,-86.7626,51593,657,polygon,FALSE,TRUE,America/Chicago,3,35758 35756,1840015524
Madrid,Madrid,AL,Alabama,1069,Houston,31.0356,-85.3992,290,64,polygon,FALSE,TRUE,America/Chicago,3,36375 36320,1840017128
Magnolia Springs,Magnolia Springs,AL,Alabama,1003,Baldwin,30.4003,-87.7748,823,353,polygon,FALSE,TRUE,America/Chicago,3,36535 36555,1840017124
Malcolm,Malcolm,AL,Alabama,1129,Washington,31.1945,-88.0016,358,58,polygon,FALSE,FALSE,America/Chicago,3,36553 36556,1840025961
Malvern,Malvern,AL,Alabama,1061,Geneva,31.1428,-85.521,1463,40,polygon,FALSE,TRUE,America/Chicago,3,36375 36301 36305,1840017137
Maplesville,Maplesville,AL,Alabama,1021,Chilton,32.7867,-86.8783,700,82,polygon,FALSE,TRUE,America/Chicago,3,36750,1840016919
Marbury,Marbury,AL,Alabama,1001,Autauga,32.6793,-86.4607,1573,26,polygon,FALSE,FALSE,America/Chicago,3,36022 36051,1840023045
Margaret,Margaret,AL,Alabama,1115,St. Clair,33.6735,-86.468,5137,201,polygon,FALSE,TRUE,America/Chicago,3,35112 35120,1840016772
Marion,Marion,AL,Alabama,1105,Perry,32.6318,-87.3172,3123,114,polygon,FALSE,TRUE,America/Chicago,3,36756,1840008188
Maytown,Maytown,AL,Alabama,1073,Jefferson,33.5489,-86.9999,371,53,polygon,FALSE,TRUE,America/Chicago,3,35005 35118,1840016800
McDonald Chapel,McDonald Chapel,AL,Alabama,1073,Jefferson,33.5189,-86.9385,633,227,polygon,FALSE,FALSE,America/Chicago,3,35224,1840013725
McIntosh,McIntosh,AL,Alabama,1129,Washington,31.2649,-88.0284,215,83,polygon,FALSE,TRUE,America/Chicago,3,36553,1840005189
McKenzie,McKenzie,AL,Alabama,1013,Butler,31.5428,-86.7246,492,51,polygon,FALSE,TRUE,America/Chicago,3,36456,1840017055
McMullen,McMullen,AL,Alabama,1107,Pickens,33.1481,-88.1757,9,31,polygon,FALSE,TRUE,America/Chicago,3,35442,1840027517
Meadowbrook,Meadowbrook,AL,Alabama,1117,Shelby,33.3932,-86.7041,9387,844,polygon,FALSE,FALSE,America/Chicago,3,35242,1840027633
Megargel,Megargel,AL,Alabama,1099,Monroe,31.3781,-87.4307,12,6,polygon,FALSE,FALSE,America/Chicago,3,36445,1840025942
Memphis,Memphis,AL,Alabama,1107,Pickens,33.1369,-88.3008,26,25,polygon,FALSE,TRUE,America/Chicago,3,35442,1840016852
Mentone,Mentone,AL,Alabama,1049,DeKalb,34.5663,-85.5842,368,30,polygon,FALSE,TRUE,America/Chicago,3,35984,1840016552
Meridianville,Meridianville,AL,Alabama,1089,Madison,34.8729,-86.5722,6609,164,polygon,FALSE,FALSE,America/Chicago,3,35773 35750 35759,1840013546
Midfield,Midfield,AL,Alabama,1073,Jefferson,33.4552,-86.9226,5002,727,polygon,FALSE,TRUE,America/Chicago,3,35221 35228,1840014791
Midland City,Midland City,AL,Alabama,1045,Dale,31.3157,-85.4937,2358,150,polygon,FALSE,TRUE,America/Chicago,3,36350,1840017084
Midway,Midway,AL,Alabama,1011,Bullock,32.0764,-85.5244,466,54,polygon,FALSE,TRUE,America/Chicago,3,36053,1840017020
Mignon,Mignon,AL,Alabama,1121,Talladega,33.1948,-86.2651,974,187,polygon,FALSE,FALSE,America/Chicago,3,35150,1840027518
Millbrook,Millbrook,AL,Alabama,1051,Elmore,32.5028,-86.3737,15896,437,polygon,FALSE,TRUE,America/Chicago,3,36054 36022,1840014877
Millerville,Millerville,AL,Alabama,1027,Clay,33.1926,-85.9303,158,9,polygon,FALSE,FALSE,America/Chicago,3,35072 36251 36267,1840022974
Millport,Millport,AL,Alabama,1075,Lamar,33.5586,-88.0817,980,68,polygon,FALSE,TRUE,America/Chicago,3,35576,1840016756
Millry,Millry,AL,Alabama,1129,Washington,31.6256,-88.3191,497,25,polygon,FALSE,TRUE,America/Chicago,3,36558,1840017081
Minor,Minor,AL,Alabama,1073,Jefferson,33.5389,-86.9402,1074,591,polygon,FALSE,FALSE,America/Chicago,3,35224,1840013726
Mobile,Mobile,AL,Alabama,1097,Mobile,30.6783,-88.1162,315502,522,polygon,FALSE,TRUE,America/Chicago,2,36606 36607 36604 36605 36602 36603 36608 36609 36688 36582 36615 36617 36611 36610 36619 36618 36695 36693 36571 36601 36628 36633 36640 36641 36644 36652 36660 36670 36675 36689 36691,1840006009
Monroeville,Monroeville,AL,Alabama,1099,Monroe,31.5162,-87.3279,4240,165,polygon,FALSE,TRUE,America/Chicago,3,36460 36461,1840005191
Montevallo,Montevallo,AL,Alabama,1117,Shelby,33.1246,-86.8476,6738,203,polygon,FALSE,TRUE,America/Chicago,3,35115,1840014825
Montgomery,Montgomery,AL,Alabama,1101,Montgomery,32.3473,-86.2666,254634,479,polygon,FALSE,TRUE,America/Chicago,2,36064 36112 36113 36110 36111 36117 36115 36116 36108 36105 36104 36106 36109 36107 36101 36114 36118 36120 36121 36123 36124 36125 36130 36131 36132 36135 36140 36141 36142 36177 36191,1840008353
Moody,Moody,AL,Alabama,1115,St. Clair,33.5986,-86.4963,13065,205,polygon,FALSE,TRUE,America/Chicago,3,35094 35173 35004 35120,1840014770
Moores Mill,Moores Mill,AL,Alabama,1089,Madison,34.8491,-86.5222,6815,193,polygon,FALSE,FALSE,America/Chicago,3,35810 35811 35759,1840013547
Mooresville,Mooresville,AL,Alabama,1083,Limestone,34.627,-86.8799,61,198,polygon,FALSE,TRUE,America/Chicago,3,35649,1840016510
Morris,Morris,AL,Alabama,1073,Jefferson,33.7467,-86.8037,2149,270,polygon,FALSE,TRUE,America/Chicago,3,35071 35116,1840016801
Morrison Crossroads,Morrison Crossroads,AL,Alabama,1111,Randolph,33.4198,-85.4903,253,18,polygon,FALSE,TRUE,America/Chicago,3,36280,1840037831
Mosses,Mosses,AL,Alabama,1085,Lowndes,32.1801,-86.6888,874,71,polygon,FALSE,TRUE,America/Chicago,3,36040,1840017006
Moulton,Moulton,AL,Alabama,1079,Lawrence,34.4843,-87.2831,2726,208,polygon,FALSE,TRUE,America/Chicago,3,35650,1840008190
Moundville,Moundville,AL,Alabama,1065,Hale,32.9968,-87.6272,2612,205,polygon,FALSE,TRUE,America/Chicago,3,35474,1840016942
Mount Olive,Mount Olive,AL,Alabama,1073,Jefferson,33.6778,-86.8726,4021,168,polygon,FALSE,FALSE,America/Chicago,3,35117,1840013727
Mount Vernon,Mount Vernon,AL,Alabama,1097,Mobile,31.0889,-88.0137,1495,105,polygon,FALSE,TRUE,America/Chicago,3,36560,1840017140
Mountain Brook,Mountain Brook,AL,Alabama,1073,Jefferson,33.4871,-86.74,20297,611,polygon,FALSE,TRUE,America/Chicago,3,35213 35243 35223 35253,1840014792
Movico,Movico,AL,Alabama,1097,Mobile,31.0628,-88.0266,88,43,polygon,FALSE,FALSE,America/Chicago,3,36560,1840025983
Mulga,Mulga,AL,Alabama,1073,Jefferson,33.5534,-86.9735,810,487,polygon,FALSE,TRUE,America/Chicago,3,35005 35118,1840016802
Munford,Munford,AL,Alabama,1121,Talladega,33.5259,-85.9554,1348,203,polygon,FALSE,TRUE,America/Chicago,3,36268,1840022952
Muscle Shoals,Muscle Shoals,AL,Alabama,1033,Colbert,34.7436,-87.6344,14575,340,polygon,FALSE,TRUE,America/Chicago,3,35661 35662,1840014657
Myrtlewood,Myrtlewood,AL,Alabama,1091,Marengo,32.2521,-87.9492,116,17,polygon,FALSE,TRUE,America/Chicago,3,36763,1840016994
Nanafalia,Nanafalia,AL,Alabama,1091,Marengo,32.1114,-87.9957,42,7,polygon,FALSE,FALSE,America/Chicago,3,36782 36764,1840025910
Nances Creek,Nances Creek,AL,Alabama,1015,Calhoun,33.8588,-85.6733,494,32,polygon,FALSE,FALSE,America/Chicago,3,36265 36272,1840022931
Napier Field,Napier Field,AL,Alabama,1045,Dale,31.3149,-85.4549,344,519,polygon,FALSE,TRUE,America/Chicago,3,36303,1840017085
Natural Bridge,Natural Bridge,AL,Alabama,1133,Winston,34.0904,-87.6014,35,31,polygon,FALSE,TRUE,America/Chicago,3,35575 35577,1840016711
Nauvoo,Nauvoo,AL,Alabama,1127,Walker,33.9873,-87.4876,202,78,polygon,FALSE,TRUE,America/Chicago,3,35578,1840016768
Nectar,Nectar,AL,Alabama,1009,Blount,33.9686,-86.6346,341,72,polygon,FALSE,TRUE,America/Chicago,3,35049 35079,1840016721
Needham,Needham,AL,Alabama,1023,Choctaw,31.987,-88.3366,85,57,polygon,FALSE,TRUE,America/Chicago,3,36915 36921,1840017018
New Brockton,New Brockton,AL,Alabama,1031,Coffee,31.3784,-85.9228,1261,60,polygon,FALSE,TRUE,America/Chicago,3,36351,1840017091
New Hope,New Hope,AL,Alabama,1089,Madison,34.537,-86.4128,2916,130,polygon,FALSE,TRUE,America/Chicago,3,35760,1840014646
New Market,New Market,AL,Alabama,1089,Madison,34.8892,-86.4226,1205,26,polygon,FALSE,FALSE,America/Chicago,3,35761,1840013548
New Site,New Site,AL,Alabama,1123,Tallapoosa,33.0283,-85.7801,760,29,polygon,FALSE,TRUE,America/Chicago,3,36256,1840016915
New Union,New Union,AL,Alabama,1055,Etowah,34.1422,-86.2218,1091,34,polygon,FALSE,TRUE,America/Chicago,3,35956,1840075158
Newbern,Newbern,AL,Alabama,1065,Hale,32.592,-87.5331,173,57,polygon,FALSE,TRUE,America/Chicago,3,36765,1840016943
Newton,Newton,AL,Alabama,1045,Dale,31.3423,-85.5893,1456,39,polygon,FALSE,TRUE,America/Chicago,3,36371 36352 36360,1840017088
Newville,Newville,AL,Alabama,1067,Henry,31.4206,-85.3367,512,49,polygon,FALSE,TRUE,America/Chicago,3,36353,1840017073
North Courtland,North Courtland,AL,Alabama,1079,Lawrence,34.6788,-87.3083,620,361,polygon,FALSE,TRUE,America/Chicago,3,35618,1840016592
North Johns,North Johns,AL,Alabama,1073,Jefferson,33.368,-87.1008,145,275,polygon,FALSE,TRUE,America/Chicago,3,35006,1840016806
Northport,Northport,AL,Alabama,1125,Tuscaloosa,33.2589,-87.5984,26115,596,polygon,FALSE,TRUE,America/Chicago,3,35473 35475 35476 35452,1840014819
Notasulga,Notasulga,AL,Alabama,1087,Macon,32.5569,-85.6695,823,23,polygon,FALSE,TRUE,America/Chicago,3,36866,1840016981
Oak Grove,Oak Grove,AL,Alabama,1121,Talladega,33.1928,-86.3036,521,113,polygon,FALSE,TRUE,America/Chicago,3,35151 35150,1840016831
Oak Hill,Oak Hill,AL,Alabama,1131,Wilcox,31.9216,-87.0852,23,15,polygon,FALSE,TRUE,America/Chicago,3,36768 36766,1840017024
Oakman,Oakman,AL,Alabama,1127,Walker,33.7141,-87.389,724,90,polygon,FALSE,TRUE,America/Chicago,3,35579,1840016769
Odenville,Odenville,AL,Alabama,1115,St. Clair,33.6987,-86.4225,3893,105,polygon,FALSE,TRUE,America/Chicago,3,35146 35120,1840016774
Ohatchee,Ohatchee,AL,Alabama,1015,Calhoun,33.7877,-86.028,1153,75,polygon,FALSE,TRUE,America/Chicago,3,36271,1840016782
Oneonta,Oneonta,AL,Alabama,1009,Blount,33.9392,-86.4929,5382,161,polygon,FALSE,TRUE,America/Chicago,3,35121,1840005206
Onycha,Onycha,AL,Alabama,1039,Covington,31.2246,-86.2785,186,90,polygon,FALSE,TRUE,America/Chicago,3,36467,1840017098
Opelika,Opelika,AL,Alabama,1081,Lee,32.6612,-85.3769,30908,202,polygon,FALSE,TRUE,America/Chicago,3,36804 36801 36803,1840005210
Opp,Opp,AL,Alabama,1039,Covington,31.2848,-86.257,4612,104,polygon,FALSE,TRUE,America/Chicago,3,36467,1840014960
Orange Beach,Orange Beach,AL,Alabama,1003,Baldwin,30.2941,-87.5851,6235,163,polygon,FALSE,TRUE,America/Chicago,3,36561 36530,1840014980
Orrville,Orrville,AL,Alabama,1047,Dallas,32.3068,-87.2454,168,62,polygon,FALSE,TRUE,America/Chicago,3,36767,1840016970
Our Town,Our Town,AL,Alabama,1123,Tallapoosa,32.8304,-85.9687,519,16,polygon,FALSE,FALSE,America/Chicago,3,35010,1840023017
Owens Cross Roads,Owens Cross Roads,AL,Alabama,1089,Madison,34.5845,-86.4574,2129,99,polygon,FALSE,TRUE,America/Chicago,3,35763,1840016521
Oxford,Oxford,AL,Alabama,1015,Calhoun,33.5967,-85.8687,21225,257,polygon,FALSE,TRUE,America/Chicago,3,36260 36203 36253,1840014780
Ozark,Ozark,AL,Alabama,1045,Dale,31.4508,-85.6473,11562,161,polygon,FALSE,TRUE,America/Chicago,3,36360 36361,1840005283
Paint Rock,Paint Rock,AL,Alabama,1071,Jackson,34.6602,-86.3307,197,175,polygon,FALSE,TRUE,America/Chicago,3,35764 35776,1840016528
Panola,Panola,AL,Alabama,1119,Sumter,32.9478,-88.2674,33,17,polygon,FALSE,FALSE,America/Chicago,3,35477,1840025887
Parrish,Parrish,AL,Alabama,1127,Walker,33.7323,-87.2802,937,172,polygon,FALSE,TRUE,America/Chicago,3,35580,1840016770
Pelham,Pelham,AL,Alabama,1117,Shelby,33.3114,-86.7573,23911,237,polygon,FALSE,TRUE,America/Chicago,3,35043 35124,1840014826
Pell City,Pell City,AL,Alabama,1115,St. Clair,33.5609,-86.2669,12275,217,polygon,FALSE,TRUE,America/Chicago,3,35125 35128,1840014771
Pennington,Pennington,AL,Alabama,1023,Choctaw,32.1994,-88.0494,204,40,polygon,FALSE,TRUE,America/Chicago,3,36916,1840017019
Penton,Penton,AL,Alabama,1017,Chambers,33.009,-85.4722,68,2,polygon,FALSE,FALSE,America/Chicago,3,36862,1840023014
Perdido,Perdido,AL,Alabama,1003,Baldwin,31.0033,-87.6324,751,26,polygon,FALSE,FALSE,America/Chicago,3,36562,1840027534
Perdido Beach,Perdido Beach,AL,Alabama,1003,Baldwin,30.3554,-87.5036,649,211,polygon,FALSE,TRUE,America/Chicago,3,36530,1840023131
Peterman,Peterman,AL,Alabama,1099,Monroe,31.5837,-87.2631,139,126,polygon,FALSE,FALSE,America/Chicago,3,36471,1840025943
Petrey,Petrey,AL,Alabama,1041,Crenshaw,31.8495,-86.2057,56,29,polygon,FALSE,TRUE,America/Chicago,3,36049 36062,1840017045
Phenix City,Phenix City,AL,Alabama,1113,Russell,32.4588,-85.0251,36487,503,polygon,FALSE,TRUE,America/Chicago,3,36869 36867 36868,1840006012
Phil Campbell,Phil Campbell,AL,Alabama,1059,Franklin,34.3519,-87.7062,1071,101,polygon,FALSE,TRUE,America/Chicago,3,35581,1840016626
Pickensville,Pickensville,AL,Alabama,1107,Pickens,33.2336,-88.2743,578,28,polygon,FALSE,TRUE,America/Chicago,3,35447,1840005373
Piedmont,Piedmont,AL,Alabama,1015,Calhoun,33.9268,-85.6148,3408,178,polygon,FALSE,TRUE,America/Chicago,3,36272,1840014781
Pike Road,Pike Road,AL,Alabama,1101,Montgomery,32.2934,-86.0902,10159,119,polygon,FALSE,TRUE,America/Chicago,3,36064 36013 36116,1840017000
Pinckard,Pinckard,AL,Alabama,1045,Dale,31.3173,-85.543,630,45,polygon,FALSE,TRUE,America/Chicago,3,36371,1840017089
Pine Apple,Pine Apple,AL,Alabama,1131,Wilcox,31.8721,-86.9891,132,16,polygon,FALSE,TRUE,America/Chicago,3,36768,1840017025
Pine Hill,Pine Hill,AL,Alabama,1131,Wilcox,31.9858,-87.5875,852,86,polygon,FALSE,TRUE,America/Chicago,3,36769,1840017026
Pine Level,Pine Level,AL,Alabama,1001,Autauga,32.5797,-86.4529,4574,71,polygon,FALSE,FALSE,America/Chicago,3,36067 36022,1840023046
Pine Ridge,Pine Ridge,AL,Alabama,1049,DeKalb,34.449,-85.7808,284,84,polygon,FALSE,TRUE,America/Chicago,3,35968,1840016560
Pinson,Pinson,AL,Alabama,1073,Jefferson,33.7057,-86.6674,7106,257,polygon,FALSE,TRUE,America/Chicago,3,35215 35126 35123,1840022941
Pisgah,Pisgah,AL,Alabama,1071,Jackson,34.6844,-85.846,692,55,polygon,FALSE,TRUE,America/Chicago,3,35765,1840016529
Pleasant Grove,Pleasant Grove,AL,Alabama,1073,Jefferson,33.4936,-86.9782,9604,375,polygon,FALSE,TRUE,America/Chicago,3,35127,1840014793
Pleasant Groves,Pleasant Groves,AL,Alabama,1071,Jackson,34.735,-86.2054,404,42,polygon,FALSE,TRUE,America/Chicago,3,35776,1840073888
Point Clear,Point Clear,AL,Alabama,1003,Baldwin,30.4902,-87.9105,2482,199,polygon,FALSE,FALSE,America/Chicago,3,36564 36532,1840013883
Pollard,Pollard,AL,Alabama,1053,Escambia,31.0236,-87.1736,136,47,polygon,FALSE,TRUE,America/Chicago,3,36441,1840004074
Powell,Powell,AL,Alabama,1049,DeKalb,34.5325,-85.8979,967,75,polygon,FALSE,TRUE,America/Chicago,3,35986 35971,1840017914
Prattville,Prattville,AL,Alabama,1001,Autauga,32.4605,-86.4588,35957,410,polygon,FALSE,TRUE,America/Chicago,3,36066 36067 36068,1840004086
Priceville,Priceville,AL,Alabama,1103,Morgan,34.5247,-86.8855,4291,251,polygon,FALSE,TRUE,America/Chicago,3,35603,1840017927
Prichard,Prichard,AL,Alabama,1097,Mobile,30.7735,-88.1301,21428,326,polygon,FALSE,TRUE,America/Chicago,3,36616 36610 36613 36612 36663,1840014990
Providence,Providence,AL,Alabama,1091,Marengo,32.3424,-87.7762,197,43,polygon,FALSE,TRUE,America/Chicago,3,36748 36742,1840018105
Putnam,Putnam,AL,Alabama,1091,Marengo,32.0181,-88.0331,60,2,polygon,FALSE,FALSE,America/Chicago,3,36784,1840025911
Ragland,Ragland,AL,Alabama,1115,St. Clair,33.7469,-86.1384,1722,39,polygon,FALSE,TRUE,America/Chicago,3,35131,1840017994
Rainbow City,Rainbow City,AL,Alabama,1055,Etowah,33.9337,-86.0922,9611,146,polygon,FALSE,TRUE,America/Chicago,3,35906,1840014732
Rainsville,Rainsville,AL,Alabama,1049,DeKalb,34.4939,-85.8435,5123,95,polygon,FALSE,TRUE,America/Chicago,3,35986,1840014658
Ranburne,Ranburne,AL,Alabama,1029,Cleburne,33.5259,-85.339,398,96,polygon,FALSE,TRUE,America/Chicago,3,36273,1840017996
Ray,Ray,AL,Alabama,1037,Coosa,32.879,-86.035,257,12,polygon,FALSE,FALSE,America/Chicago,3,35010,1840023021
Red Bay,Red Bay,AL,Alabama,1059,Franklin,34.4358,-88.1362,3085,122,polygon,FALSE,TRUE,America/Chicago,3,35582,1840014682
Red Level,Red Level,AL,Alabama,1039,Covington,31.4055,-86.6084,478,96,polygon,FALSE,TRUE,America/Chicago,3,36474,1840018176
Redland,Redland,AL,Alabama,1051,Elmore,32.4754,-86.1375,4242,67,polygon,FALSE,TRUE,America/Chicago,3,36093,1840037844
Redstone Arsenal,Redstone Arsenal,AL,Alabama,1089,Madison,34.6843,-86.647,1414,70,polygon,TRUE,TRUE,America/Chicago,3,35808,1840035873
Reece City,Reece City,AL,Alabama,1055,Etowah,34.0772,-86.0345,627,68,polygon,FALSE,TRUE,America/Chicago,3,35954,1840017965
Reeltown,Reeltown,AL,Alabama,1123,Tallapoosa,32.5788,-85.8189,306,15,polygon,FALSE,FALSE,America/Chicago,3,36078 36866,1840023018
Reform,Reform,AL,Alabama,1107,Pickens,33.3788,-88.0173,1552,74,polygon,FALSE,TRUE,America/Chicago,3,35481,1840018010
Rehobeth,Rehobeth,AL,Alabama,1069,Houston,31.1242,-85.4382,1657,85,polygon,FALSE,TRUE,America/Chicago,3,36301,1840018195
Repton,Repton,AL,Alabama,1035,Conecuh,31.4097,-87.2393,258,104,polygon,FALSE,TRUE,America/Chicago,3,36475,1840018171
Ridgeville,Ridgeville,AL,Alabama,1055,Etowah,34.0569,-86.1029,110,51,polygon,FALSE,TRUE,America/Chicago,3,35954,1840017966
River Falls,River Falls,AL,Alabama,1039,Covington,31.3524,-86.5412,535,30,polygon,FALSE,TRUE,America/Chicago,3,36474 36476 36421,1840018177
Riverside,Riverside,AL,Alabama,1115,St. Clair,33.6171,-86.2042,2377,105,polygon,FALSE,TRUE,America/Chicago,3,35135 35125,1840017995
Riverview,Riverview,AL,Alabama,1053,Escambia,31.0587,-87.0709,181,48,polygon,FALSE,TRUE,America/Chicago,3,36426,1840018196
Roanoke,Roanoke,AL,Alabama,1111,Randolph,33.1454,-85.3694,4162,121,polygon,FALSE,TRUE,America/Chicago,3,36274,1840014834
Robertsdale,Robertsdale,AL,Alabama,1003,Baldwin,30.5534,-87.7023,9817,387,polygon,FALSE,TRUE,America/Chicago,3,36567,1840014981
Rock Creek,Rock Creek,AL,Alabama,1073,Jefferson,33.4772,-87.0812,1369,175,polygon,FALSE,FALSE,America/Chicago,3,35023,1840027632
Rock Mills,Rock Mills,AL,Alabama,1111,Randolph,33.1563,-85.2861,486,29,polygon,FALSE,FALSE,America/Chicago,3,36274,1840013762
Rockford,Rockford,AL,Alabama,1037,Coosa,32.8896,-86.215,436,50,polygon,FALSE,TRUE,America/Chicago,3,35136,1840005393
Rockville,Rockville,AL,Alabama,1025,Clarke,31.4059,-87.8442,16,2,polygon,FALSE,FALSE,America/Chicago,3,36545,1840027002
Rogersville,Rogersville,AL,Alabama,1077,Lauderdale,34.8251,-87.2821,1251,159,polygon,FALSE,TRUE,America/Chicago,3,35652,1840017891
Rosa,Rosa,AL,Alabama,1009,Blount,33.9885,-86.5037,319,32,polygon,FALSE,TRUE,America/Chicago,3,35121,1840017963
Russellville,Russellville,AL,Alabama,1059,Franklin,34.5056,-87.7282,9772,280,polygon,FALSE,TRUE,America/Chicago,3,35654 35653,1840004247
Rutledge,Rutledge,AL,Alabama,1041,Crenshaw,31.724,-86.302,449,29,polygon,FALSE,TRUE,America/Chicago,3,36049 36071,1840005396
Saks,Saks,AL,Alabama,1015,Calhoun,33.7118,-85.8536,10763,341,polygon,FALSE,FALSE,America/Chicago,3,36201 36206 36202,1840013708
Samson,Samson,AL,Alabama,1061,Geneva,31.1124,-86.0462,1854,197,polygon,FALSE,TRUE,America/Chicago,3,36477,1840015883
Sand Rock,Sand Rock,AL,Alabama,1019,Cherokee,34.2308,-85.7712,569,53,polygon,FALSE,TRUE,America/Chicago,3,35983,1840017941
Sanford,Sanford,AL,Alabama,1039,Covington,31.3006,-86.3975,254,23,polygon,FALSE,TRUE,America/Chicago,3,36420 36421,1840018178
Saraland,Saraland,AL,Alabama,1097,Mobile,30.8478,-88.1004,14649,176,polygon,FALSE,TRUE,America/Chicago,3,36571,1840015886
Sardis City,Sardis City,AL,Alabama,1055,Etowah,34.1749,-86.1125,1775,87,polygon,FALSE,TRUE,America/Chicago,3,35956,1840017967
Satsuma,Satsuma,AL,Alabama,1097,Mobile,30.8577,-88.0632,6190,325,polygon,FALSE,TRUE,America/Chicago,3,36572,1840015887
Scottsboro,Scottsboro,AL,Alabama,1071,Jackson,34.6438,-86.0491,9841,110,polygon,FALSE,TRUE,America/Chicago,3,35768 35769,1840005605
Section,Section,AL,Alabama,1071,Jackson,34.5816,-85.9849,740,62,polygon,FALSE,TRUE,America/Chicago,3,35771,1840017899
Selma,Selma,AL,Alabama,1047,Dallas,32.4166,-87.0336,19775,481,polygon,FALSE,TRUE,America/Chicago,3,36703 36701 36702,1840008329
Selmont-West Selmont,Selmont-West Selmont,AL,Alabama,1047,Dallas,32.3784,-87.0074,2040,240,polygon,FALSE,TRUE,America/Chicago,3,36703 36701,1840035626
Semmes,Semmes,AL,Alabama,1097,Mobile,30.7941,-88.2358,5594,176,polygon,FALSE,TRUE,America/Chicago,3,36613 36575,1840027491
Sheffield,Sheffield,AL,Alabama,1033,Colbert,34.757,-87.6977,8901,494,polygon,FALSE,TRUE,America/Chicago,3,35660,1840015537
Shelby,Shelby,AL,Alabama,1117,Shelby,33.1068,-86.5825,1305,26,polygon,FALSE,FALSE,America/Chicago,3,35051 35143,1840022965
Shiloh,Shiloh,AL,Alabama,1049,DeKalb,34.4638,-85.878,281,63,polygon,FALSE,TRUE,America/Chicago,3,35986,1840017915
Shoal Creek,Shoal Creek,AL,Alabama,1117,Shelby,33.4328,-86.6071,1398,107,polygon,FALSE,TRUE,America/Chicago,3,35242 35094,1840075164
Shorter,Shorter,AL,Alabama,1087,Macon,32.4076,-85.9412,395,33,polygon,FALSE,TRUE,America/Chicago,3,36075,1840018092
Silas,Silas,AL,Alabama,1023,Choctaw,31.7678,-88.3258,430,31,polygon,FALSE,TRUE,America/Chicago,3,36919,1840018123
Silverhill,Silverhill,AL,Alabama,1003,Baldwin,30.5455,-87.7505,1170,359,polygon,FALSE,TRUE,America/Chicago,3,36576,1840018194
Sims Chapel,Sims Chapel,AL,Alabama,1129,Washington,31.2365,-88.1435,85,5,polygon,FALSE,FALSE,America/Chicago,3,36553,1840027005
Sipsey,Sipsey,AL,Alabama,1127,Walker,33.8225,-87.0834,401,322,polygon,FALSE,TRUE,America/Chicago,3,35584 35063,1840017992
Skyline,Skyline,AL,Alabama,1071,Jackson,34.7987,-86.1229,838,81,polygon,FALSE,TRUE,America/Chicago,3,35768 35776,1840017900
Slocomb,Slocomb,AL,Alabama,1061,Geneva,31.1103,-85.5954,1898,77,polygon,FALSE,TRUE,America/Chicago,3,36375 36349,1840015884
Smiths Station,Smiths Station,AL,Alabama,1081,Lee,32.5284,-85.096,5391,300,polygon,FALSE,TRUE,America/Chicago,3,36877,1840015792
Smoke Rise,Smoke Rise,AL,Alabama,1009,Blount,33.8789,-86.824,2360,157,polygon,FALSE,FALSE,America/Chicago,3,35180,1840013654
Snead,Snead,AL,Alabama,1009,Blount,34.1162,-86.3901,838,58,polygon,FALSE,TRUE,America/Chicago,3,35952,1840017964
Somerville,Somerville,AL,Alabama,1103,Morgan,34.4676,-86.7935,773,97,polygon,FALSE,TRUE,America/Chicago,3,35670 35640,1840004313
South Vinemont,South Vinemont,AL,Alabama,1043,Cullman,34.2348,-86.8642,745,330,polygon,FALSE,TRUE,America/Chicago,3,35058 35179,1840017959
Southside,Southside,AL,Alabama,1055,Etowah,33.9007,-86.0238,8905,181,polygon,FALSE,TRUE,America/Chicago,3,35907,1840015604
Spanish Fort,Spanish Fort,AL,Alabama,1003,Baldwin,30.7257,-87.8601,9214,117,polygon,FALSE,TRUE,America/Chicago,3,36507 36527 36578 36577,1840015879
Spring Garden,Spring Garden,AL,Alabama,1019,Cherokee,33.973,-85.5558,185,31,polygon,FALSE,FALSE,America/Chicago,3,36272 36275,1840022844
Springville,Springville,AL,Alabama,1115,St. Clair,33.7643,-86.4749,2927,186,polygon,FALSE,TRUE,America/Chicago,3,35146,1840015642
Spruce Pine,Spruce Pine,AL,Alabama,1059,Franklin,34.3928,-87.7294,149,62,polygon,FALSE,FALSE,America/Chicago,3,35585 35581,1840025850
St. Florian,St. Florian,AL,Alabama,1077,Lauderdale,34.8714,-87.6224,670,68,polygon,FALSE,TRUE,America/Chicago,3,35634,1840017892
St. Stephens,St. Stephens,AL,Alabama,1129,Washington,31.5474,-88.0555,394,15,polygon,FALSE,FALSE,America/Chicago,3,36569,1840004299
Standing Rock,Standing Rock,AL,Alabama,1017,Chambers,33.0863,-85.2449,153,18,polygon,FALSE,FALSE,America/Chicago,3,36855,1840023015
Stapleton,Stapleton,AL,Alabama,1003,Baldwin,30.7394,-87.7943,1196,42,polygon,FALSE,FALSE,America/Chicago,3,36578,1840027497
Steele,Steele,AL,Alabama,1115,St. Clair,33.937,-86.2004,1089,62,polygon,FALSE,TRUE,America/Chicago,3,35987,1840016773
Sterrett,Sterrett,AL,Alabama,1117,Shelby,33.449,-86.4645,866,14,polygon,FALSE,FALSE,America/Chicago,3,35147 35178,1840022966
Stevenson,Stevenson,AL,Alabama,1071,Jackson,34.8487,-85.8437,1951,97,polygon,FALSE,TRUE,America/Chicago,3,35772,1840016526
Stewartville,Stewartville,AL,Alabama,1037,Coosa,33.0725,-86.2658,1627,26,polygon,FALSE,FALSE,America/Chicago,3,35151 35183,1840023022
Stockton,Stockton,AL,Alabama,1003,Baldwin,30.9946,-87.86,709,29,polygon,FALSE,FALSE,America/Chicago,3,36507 36579,1840027498
Sulligent,Sulligent,AL,Alabama,1075,Lamar,33.8912,-88.1266,1834,90,polygon,FALSE,TRUE,America/Chicago,3,35586,1840015636
Sumiton,Sumiton,AL,Alabama,1127,Walker,33.7503,-87.0483,3741,172,polygon,FALSE,TRUE,America/Chicago,3,35062 35148,1840015640
Summerdale,Summerdale,AL,Alabama,1003,Baldwin,30.4783,-87.6904,1681,64,polygon,FALSE,TRUE,America/Chicago,3,36535 36580,1840017126
Susan Moore,Susan Moore,AL,Alabama,1009,Blount,34.0799,-86.4234,776,57,polygon,FALSE,TRUE,America/Chicago,3,35952 35031 35121,1840016720
Sweet Water,Sweet Water,AL,Alabama,1091,Marengo,32.1046,-87.8619,244,40,polygon,FALSE,TRUE,America/Chicago,3,36782,1840016997
Sylacauga,Sylacauga,AL,Alabama,1121,Talladega,33.1778,-86.2606,16982,229,polygon,FALSE,TRUE,America/Chicago,3,35151 35150,1840015700
Sylvan Springs,Sylvan Springs,AL,Alabama,1073,Jefferson,33.5287,-87.0312,1492,66,polygon,FALSE,TRUE,America/Chicago,3,35118,1840016803
Sylvania,Sylvania,AL,Alabama,1049,DeKalb,34.5619,-85.8046,1894,82,polygon,FALSE,TRUE,America/Chicago,3,35988 35968,1840016558
Talladega,Talladega,AL,Alabama,1121,Talladega,33.4329,-86.0976,13304,233,polygon,FALSE,TRUE,America/Chicago,3,35160 35161,1840008244
Talladega Springs,Talladega Springs,AL,Alabama,1121,Talladega,33.1191,-86.4421,159,49,polygon,FALSE,TRUE,America/Chicago,3,35151,1840016829
Tallassee,Tallassee,AL,Alabama,1051,Elmore,32.5314,-85.8902,3773,157,polygon,FALSE,TRUE,America/Chicago,3,36078,1840015790
Tarrant,Tarrant,AL,Alabama,1073,Jefferson,33.5945,-86.7684,6109,369,polygon,FALSE,TRUE,America/Chicago,3,35217,1840015671
Taylor,Taylor,AL,Alabama,1069,Houston,31.1658,-85.4697,2428,129,polygon,FALSE,TRUE,America/Chicago,3,36301 36305,1840017133
Theodore,Theodore,AL,Alabama,1097,Mobile,30.5408,-88.1884,6483,313,polygon,FALSE,FALSE,America/Chicago,3,36590 36582,1840013895
Thomaston,Thomaston,AL,Alabama,1091,Marengo,32.2683,-87.6237,381,73,polygon,FALSE,TRUE,America/Chicago,3,36783,1840016998
Thomasville,Thomasville,AL,Alabama,1025,Clarke,31.9111,-87.7419,2993,169,polygon,FALSE,TRUE,America/Chicago,3,36784,1840015849
Thorsby,Thorsby,AL,Alabama,1021,Chilton,32.917,-86.7203,2057,136,polygon,FALSE,TRUE,America/Chicago,3,35171,1840016920
Tibbie,Tibbie,AL,Alabama,1129,Washington,31.3628,-88.2471,73,16,polygon,FALSE,FALSE,America/Chicago,3,36583,1840025963
Tidmore Bend,Tidmore Bend,AL,Alabama,1055,Etowah,34.0324,-85.9254,1237,49,polygon,FALSE,TRUE,America/Chicago,3,35901,1840075168
Tillmans Corner,Tillmans Corner,AL,Alabama,1097,Mobile,30.5818,-88.2128,17814,530,polygon,FALSE,FALSE,America/Chicago,3,36582 36619,1840013896
Town Creek,Town Creek,AL,Alabama,1079,Lawrence,34.6718,-87.4063,1039,149,polygon,FALSE,TRUE,America/Chicago,3,35672,1840016591
Toxey,Toxey,AL,Alabama,1023,Choctaw,31.9107,-88.3091,124,69,polygon,FALSE,TRUE,America/Chicago,3,36921,1840017017
Trafford,Trafford,AL,Alabama,1073,Jefferson,33.8194,-86.7467,617,97,polygon,FALSE,TRUE,America/Chicago,3,35180 35172,1840016804
Triana,Triana,AL,Alabama,1089,Madison,34.5904,-86.7418,949,299,polygon,FALSE,TRUE,America/Chicago,3,35756,1840016520
Trinity,Trinity,AL,Alabama,1103,Morgan,34.6012,-87.0818,2477,193,polygon,FALSE,TRUE,America/Chicago,3,35673,1840016612
Troy,Troy,AL,Alabama,1109,Pike,31.8021,-85.9665,16712,258,polygon,FALSE,TRUE,America/Chicago,3,36079 36081 36082,1840005558
Trussville,Trussville,AL,Alabama,1073,Jefferson,33.6404,-86.5819,22635,254,polygon,FALSE,TRUE,America/Chicago,3,35235 35173,1840015672
Tuscaloosa,Tuscaloosa,AL,Alabama,1125,Tuscaloosa,33.2348,-87.5267,155499,631,polygon,FALSE,TRUE,America/Chicago,2,35475 35476 35405 35404 35406 35401 35403 35407 35486 35487,1840005563
Tuscumbia,Tuscumbia,AL,Alabama,1033,Colbert,34.7204,-87.7035,8461,354,polygon,FALSE,TRUE,America/Chicago,3,35674,1840005567
Tuskegee,Tuskegee,AL,Alabama,1087,Macon,32.4395,-85.7139,7870,195,polygon,FALSE,TRUE,America/Chicago,3,36088 36083 36087,1840004337
Twin,Twin,AL,Alabama,1093,Marion,33.9978,-87.8497,392,44,polygon,FALSE,TRUE,America/Chicago,3,35563 35548,1840022874
Underwood-Petersville,Underwood-Petersville,AL,Alabama,1077,Lauderdale,34.877,-87.6975,3196,212,polygon,FALSE,TRUE,America/Chicago,3,35633,1840073851
Union,Union,AL,Alabama,1063,Greene,32.9938,-87.9071,209,98,polygon,FALSE,TRUE,America/Chicago,3,35462,1840016909
Union Grove,Union Grove,AL,Alabama,1095,Marshall,34.4025,-86.4483,79,54,polygon,FALSE,TRUE,America/Chicago,3,35175,1840016621
Union Springs,Union Springs,AL,Alabama,1011,Bullock,32.1395,-85.7141,4547,198,polygon,FALSE,TRUE,America/Chicago,3,36089,1840004415
Uniontown,Uniontown,AL,Alabama,1105,Perry,32.449,-87.4958,2227,56,polygon,FALSE,TRUE,America/Chicago,3,36786,1840016959
Uriah,Uriah,AL,Alabama,1099,Monroe,31.3073,-87.4992,307,73,polygon,FALSE,FALSE,America/Chicago,3,36480,1840025944
Valley,Valley,AL,Alabama,1017,Chambers,32.8088,-85.1809,19926,275,polygon,FALSE,TRUE,America/Chicago,3,36854 36872,1840015760
Valley Grande,Valley Grande,AL,Alabama,1047,Dallas,32.4862,-87.0305,3570,41,polygon,FALSE,TRUE,America/Chicago,3,36703 36701,1840015794
Valley Head,Valley Head,AL,Alabama,1049,DeKalb,34.5575,-85.6214,549,61,polygon,FALSE,TRUE,America/Chicago,3,35989,1840016559
Vance,Vance,AL,Alabama,1125,Tuscaloosa,33.1745,-87.2313,1654,62,polygon,FALSE,TRUE,America/Chicago,3,35188 35490,1840016842
Vandiver,Vandiver,AL,Alabama,1117,Shelby,33.4601,-86.5251,1016,19,polygon,FALSE,FALSE,America/Chicago,3,35147 35176,1840022967
Vernon,Vernon,AL,Alabama,1075,Lamar,33.7588,-88.1143,1850,121,polygon,FALSE,TRUE,America/Chicago,3,35592,1840005593
Vestavia Hills,Vestavia Hills,AL,Alabama,1073,Jefferson,33.4518,-86.7438,34413,668,polygon,FALSE,TRUE,America/Chicago,3,35216 35243 35242 35266 35288,1840015673
Vina,Vina,AL,Alabama,1059,Franklin,34.3757,-88.0602,356,28,polygon,FALSE,TRUE,America/Chicago,3,35593,1840016625
Vincent,Vincent,AL,Alabama,1117,Shelby,33.3848,-86.4086,2213,41,polygon,FALSE,TRUE,America/Chicago,3,35178,1840016848
Vinegar Bend,Vinegar Bend,AL,Alabama,1129,Washington,31.2594,-88.3712,247,10,polygon,FALSE,FALSE,America/Chicago,3,36584,1840025964
Vredenburgh,Vredenburgh,AL,Alabama,1099,Monroe,31.8237,-87.3178,290,74,polygon,FALSE,TRUE,America/Chicago,3,36481,1840017067
Wadley,Wadley,AL,Alabama,1111,Randolph,33.1239,-85.5683,714,189,polygon,FALSE,TRUE,America/Chicago,3,36276,1840016864
Waldo,Waldo,AL,Alabama,1121,Talladega,33.3892,-86.036,272,37,polygon,FALSE,TRUE,America/Chicago,3,35160,1840016830
Walnut Grove,Walnut Grove,AL,Alabama,1055,Etowah,34.0641,-86.2863,700,53,polygon,FALSE,TRUE,America/Chicago,3,35952 35990,1840016722
Warrior,Warrior,AL,Alabama,1073,Jefferson,33.8153,-86.8153,3210,127,polygon,FALSE,TRUE,America/Chicago,3,35180,1840015674
Waterloo,Waterloo,AL,Alabama,1077,Lauderdale,34.9173,-88.0654,197,101,polygon,FALSE,TRUE,America/Chicago,3,35677,1840016505
Waverly,Waverly,AL,Alabama,1017,Chambers,32.7333,-85.5761,144,20,polygon,FALSE,TRUE,America/Chicago,3,36879,1840016911
Weaver,Weaver,AL,Alabama,1015,Calhoun,33.7602,-85.8117,3061,339,polygon,FALSE,TRUE,America/Chicago,3,36277,1840015646
Webb,Webb,AL,Alabama,1069,Houston,31.2572,-85.2896,1477,50,polygon,FALSE,TRUE,America/Chicago,3,36376 36321,1840017134
Wedowee,Wedowee,AL,Alabama,1111,Randolph,33.3077,-85.4864,794,87,polygon,FALSE,TRUE,America/Chicago,3,36278,1840005602
Weogufka,Weogufka,AL,Alabama,1037,Coosa,33.0267,-86.3169,301,14,polygon,FALSE,FALSE,America/Chicago,3,35183,1840023023
West Blocton,West Blocton,AL,Alabama,1007,Bibb,33.1186,-87.1253,1252,100,polygon,FALSE,TRUE,America/Chicago,3,35184,1840016894
West End-Cobb Town,West End-Cobb Town,AL,Alabama,1015,Calhoun,33.6526,-85.8742,3346,313,polygon,FALSE,TRUE,America/Chicago,3,36201,1840073855
West Jefferson,West Jefferson,AL,Alabama,1073,Jefferson,33.652,-87.0569,421,90,polygon,FALSE,TRUE,America/Chicago,3,35130 35005 35062,1840016805
West Point,West Point,AL,Alabama,1043,Cullman,34.2401,-86.9626,609,68,polygon,FALSE,TRUE,America/Chicago,3,35057 35179,1840016704
Westover,Westover,AL,Alabama,1117,Shelby,33.3685,-86.5346,1726,34,polygon,FALSE,TRUE,America/Chicago,3,35078 35147 35185,1840016849
Wetumpka,Wetumpka,AL,Alabama,1051,Elmore,32.5407,-86.2052,8538,295,polygon,FALSE,TRUE,America/Chicago,3,36093 36092,1840006013
Whatley,Whatley,AL,Alabama,1025,Clarke,31.6463,-87.7108,178,53,polygon,FALSE,FALSE,America/Chicago,3,36482,1840025933
White Hall,White Hall,AL,Alabama,1085,Lowndes,32.2993,-86.7148,751,18,polygon,FALSE,TRUE,America/Chicago,3,36785 36752 36040,1840017009
White Plains,White Plains,AL,Alabama,1015,Calhoun,33.7603,-85.688,770,23,polygon,FALSE,FALSE,America/Chicago,3,36207,1840022932
Whitesboro,Whitesboro,AL,Alabama,1055,Etowah,34.1682,-86.0572,2352,51,polygon,FALSE,FALSE,America/Chicago,3,35956,1840022891
Wilsonville,Wilsonville,AL,Alabama,1117,Shelby,33.2351,-86.4882,2056,75,polygon,FALSE,TRUE,America/Chicago,3,35186,1840016850
Wilton,Wilton,AL,Alabama,1117,Shelby,33.0813,-86.8799,681,274,polygon,FALSE,TRUE,America/Chicago,3,35187 35115,1840016851
Winfield,Winfield,AL,Alabama,1093,Marion,33.9334,-87.7962,4519,98,polygon,FALSE,TRUE,America/Chicago,3,35594,1840015587
Woodland,Woodland,AL,Alabama,1111,Randolph,33.3756,-85.3975,182,45,polygon,FALSE,TRUE,America/Chicago,3,36280,1840016866
Woodstock,Woodstock,AL,Alabama,1007,Bibb,33.2193,-87.1489,4202,89,polygon,FALSE,TRUE,America/Chicago,3,35188 35111,1840016895
Woodville,Woodville,AL,Alabama,1071,Jackson,34.6256,-86.2792,723,42,polygon,FALSE,TRUE,America/Chicago,3,35776,1840016527
Yellow Bluff,Yellow Bluff,AL,Alabama,1131,Wilcox,31.9622,-87.4808,202,168,polygon,FALSE,TRUE,America/Chicago,3,36769,1840017023
York,York,AL,Alabama,1119,Sumter,32.4998,-88.2938,2239,125,polygon,FALSE,TRUE,America/Chicago,3,36925,1840015778
